id;hanzi;pinyin;translationKey;translation;isCustom;value
1;的;de;w_hsk1_1;;0;0
2;一;yī;w_hsk1_2;;0;0
3;是;shì;w_hsk1_3;;0;0
4;不;bù;w_hsk1_4;;0;0
5;了;le;w_hsk1_5;;0;0
6;在;zài;w_hsk1_6;;0;0
7;人;rén;w_hsk1_7;;0;0
8;有;yǒu;w_hsk1_8;;0;0
9;我;wǒ;w_hsk1_9;;0;0
10;他;tā;w_hsk1_10;;0;0
11;这;zhè;w_hsk1_11;;0;0
12;个;gè;w_hsk1_12;;0;0
13;们;men;w_hsk1_13;;0;0
14;中;zhōng;w_hsk1_14;;0;0
15;来;lái;w_hsk1_15;;0;0
16;上;shàng;w_hsk1_16;;0;0
17;大;dà;w_hsk1_17;;0;0
18;和;hé;w_hsk1_18;;0;0
19;国;guó;w_hsk1_19;;0;0
20;说;shuō;w_hsk1_20;;0;0
21;时;shí;w_hsk1_21;;0;0
22;出;chū;w_hsk1_22;;0;0
23;会;huì;w_hsk1_23;;0;0
24;你;nǐ;w_hsk1_24;;0;0
25;对;duì;w_hsk1_25;;0;0
26;生;shēng;w_hsk1_26;;0;0
27;能;néng;w_hsk1_27;;0;0
28;子;zi;w_hsk1_28;;0;0
29;那;nà;w_hsk1_29;;0;0
30;下;xià;w_hsk1_30;;0;0
31;年;nián;w_hsk1_31;;0;0
32;后;hòu;w_hsk1_32;;0;0
33;作;zuò;w_hsk1_33;;0;0
34;里;lǐ;w_hsk1_34;;0;0
35;家;jiā;w_hsk1_35;;0;0
36;多;duō;w_hsk1_36;;0;0
37;么;me;w_hsk1_37;;0;0
38;去;qù;w_hsk1_38;;0;0
39;学;xué;w_hsk1_39;;0;0
40;都;dōu;w_hsk1_40;;0;0
41;同;tóng;w_hsk1_41;;0;0
42;现;xiàn;w_hsk1_42;;0;0
43;没;méi;w_hsk1_43;;0;0
44;面;miàn;w_hsk1_44;;0;0
45;起;qǐ;w_hsk1_45;;0;0
46;看;kàn;w_hsk1_46;;0;0
47;天;tiān;w_hsk1_47;;0;0
48;分;fēn;w_hsk1_48;;0;0
49;好;hǎo;w_hsk1_49;;0;0
50;小;xiǎo;w_hsk1_50;;0;0
51;些;xiē;w_hsk1_51;;0;0
52;样;yàng;w_hsk1_52;;0;0
53;她;tā;w_hsk1_53;;0;0
54;本;běn;w_hsk1_54;;0;0
55;前;qián;w_hsk1_55;;0;0
56;开;kāi;w_hsk1_56;;0;0
57;想;xiǎng;w_hsk1_57;;0;0
58;机;jī;w_hsk1_58;;0;0
59;十;shí;w_hsk1_59;;0;0
60;工;gōng;w_hsk1_60;;0;0
61;明;míng;w_hsk1_61;;0;0
62;三;sān;w_hsk1_62;;0;0
63;关;guān;w_hsk1_63;;0;0
64;点;diǎn;w_hsk1_64;;0;0
65;高;gāo;w_hsk1_65;;0;0
66;很;hěn;w_hsk1_66;;0;0
67;见;jiàn;w_hsk1_67;;0;0
68;什;shén;w_hsk1_68;;0;0
69;二;èr;w_hsk1_69;;0;0
70;果;guǒ;w_hsk1_70;;0;0
71;西;xī;w_hsk1_71;;0;0
72;月;yuè;w_hsk1_72;;0;0
73;话;huà;w_hsk1_73;;0;0
74;回;huí;w_hsk1_74;;0;0
75;老;lǎo;w_hsk1_75;;0;0
76;先;xiān;w_hsk1_76;;0;0
77;儿;ér;w_hsk1_77;;0;0
78;东;dōng;w_hsk1_78;;0;0
79;水;shuǐ;w_hsk1_79;;0;0
80;名;míng;w_hsk1_80;;0;0
81;几;jǐ;w_hsk1_81;;0;0
82;认;rèn;w_hsk1_82;;0;0
83;系;xì;w_hsk1_83;;0;0
84;气;qì;w_hsk1_84;;0;0
85;打;dǎ;w_hsk1_85;;0;0
86;女;nǚ;w_hsk1_86;;0;0
87;四;sì;w_hsk1_87;;0;0
88;电;diàn;w_hsk1_88;;0;0
89;少;shǎo;w_hsk1_89;;0;0
90;太;tài;w_hsk1_90;;0;0
91;再;zài;w_hsk1_91;;0;0
92;做;zuò;w_hsk1_92;;0;0
93;期;qī;w_hsk1_93;;0;0
94;五;wǔ;w_hsk1_94;;0;0
95;书;shū;w_hsk1_95;;0;0
96;听;tīng;w_hsk1_96;;0;0
97;住;zhù;w_hsk1_97;;0;0
98;北;běi;w_hsk1_98;;0;0
99;觉;jué;w_hsk1_99;;0;0
100;师;shī;w_hsk1_100;;0;0
101;今;jīn;w_hsk1_101;;0;0
102;院;yuàn;w_hsk1_102;;0;0
103;识;shí;w_hsk1_103;;0;0
104;候;hòu;w_hsk1_104;;0;0
105;飞;fēi;w_hsk1_105;;0;0
106;车;chē;w_hsk1_106;;0;0
107;服;fú;w_hsk1_107;;0;0
108;怎;zěn;w_hsk1_108;;0;0
109;呢;ne;w_hsk1_109;;0;0
110;叫;jiào;w_hsk1_110;;0;0
111;影;yǐng;w_hsk1_111;;0;0
112;字;zì;w_hsk1_112;;0;0
113;爱;ài;w_hsk1_113;;0;0
114;商;shāng;w_hsk1_114;;0;0
115;请;qǐng;w_hsk1_115;;0;0
116;视;shì;w_hsk1_116;;0;0
117;九;jiǔ;w_hsk1_117;;0;0
118;写;xiě;w_hsk1_118;;0;0
119;八;bā;w_hsk1_119;;0;0
120;吗;ma;w_hsk1_120;;0;0
121;吃;chī;w_hsk1_121;;0;0
122;六;liù;w_hsk1_122;;0;0
123;医;yī;w_hsk1_123;;0;0
124;号;hào;w_hsk1_124;;0;0
125;语;yǔ;w_hsk1_125;;0;0
126;七;qī;w_hsk1_126;;0;0
127;兴;xìng;w_hsk1_127;;0;0
128;星;xīng;w_hsk1_128;;0;0
129;京;jīng;w_hsk1_129;;0;0
130;米;mǐ;w_hsk1_130;;0;0
131;客;kè;w_hsk1_131;;0;0
132;友;yǒu;w_hsk1_132;;0;0
133;钱;qián;w_hsk1_133;;0;0
134;热;rè;w_hsk1_134;;0;0
135;坐;zuò;w_hsk1_135;;0;0
136;校;xiào;w_hsk1_136;;0;0
137;脑;nǎo;w_hsk1_137;;0;0
138;谁;shuí;w_hsk1_138;;0;0
139;哪;nǎ;w_hsk1_139;;0;0
140;喜;xǐ;w_hsk1_140;;0;0
141;习;xí;w_hsk1_141;;0;0
142;欢;huān;w_hsk1_142;;0;0
143;冷;lěng;w_hsk1_143;;0;0
144;汉;hàn;w_hsk1_144;;0;0
145;衣;yī;w_hsk1_145;;0;0
146;妈;mā;w_hsk1_146;;0;0
147;读;dú;w_hsk1_147;;0;0
148;买;mǎi;w_hsk1_148;;0;0
149;岁;suì;w_hsk1_149;;0;0
150;块;kuài;w_hsk1_150;;0;0
151;姐;jiě;w_hsk1_151;;0;0
152;亮;liàng;w_hsk1_152;;0;0
153;朋;péng;w_hsk1_153;;0;0
154;谢;xiè;w_hsk1_154;;0;0
155;钟;zhōng;w_hsk1_155;;0;0
156;雨;yǔ;w_hsk1_156;;0;0
157;饭;fàn;w_hsk1_157;;0;0
158;睡;shuì;w_hsk1_158;;0;0
159;喝;hē;w_hsk1_159;;0;0
160;午;wǔ;w_hsk1_160;;0;0
161;店;diàn;w_hsk1_161;;0;0
162;爸;bà;w_hsk1_162;;0;0
163;桌;zhuō;w_hsk1_163;;0;0
164;菜;cài;w_hsk1_164;;0;0
165;茶;chá;w_hsk1_165;;0;0
166;狗;gǒu;w_hsk1_166;;0;0
167;杯;bēi;w_hsk1_167;;0;0
168;租;zū;w_hsk1_168;;0;0
169;昨;zuó;w_hsk1_169;;0;0
170;漂;piào;w_hsk1_170;;0;0
171;椅;yǐ;w_hsk1_171;;0;0
172;猫;māo;w_hsk1_172;;0;0
173;喂;wèi;w_hsk1_173;;0;0
174;苹;píng;w_hsk1_174;;0;0
175;为;wèi;w_hsk1_175;;0;0
176;到;dào;w_hsk1_176;;0;0
177;以;yǐ;w_hsk1_177;;0;0
178;要;yào;w_hsk1_178;;0;0
179;就;jiù;w_hsk1_179;;0;0
180;可;kě;w_hsk1_180;;0;0
181;也;yě;w_hsk1_181;;0;0
182;得;dé;w_hsk1_182;;0;0
183;着;zhe;w_hsk1_183;;0;0
184;过;guò;w_hsk1_184;;0;0
185;道;dào;w_hsk1_185;;0;0
186;所;suǒ;w_hsk1_186;;0;0
187;然;rán;w_hsk1_187;;0;0
188;事;shì;w_hsk1_188;;0;0
189;经;jīng;w_hsk1_189;;0;0
190;动;dòng;w_hsk1_190;;0;0
191;还;hái;w_hsk1_191;;0;0
192;进;jìn;w_hsk1_192;;0;0
193;但;dàn;w_hsk1_193;;0;0
194;因;yīn;w_hsk1_194;;0;0
195;从;cóng;w_hsk1_195;;0;0
196;日;rì;w_hsk1_196;;0;0
197;意;yì;w_hsk1_197;;0;0
198;它;tā;w_hsk1_198;;0;0
199;长;zhǎng;w_hsk1_199;;0;0
200;第;dì;w_hsk1_200;;0;0
201;公;gōng;w_hsk1_201;;0;0
202;已;yǐ;w_hsk1_202;;0;0
203;情;qíng;w_hsk1_203;;0;0
204;知;zhī;w_hsk1_204;;0;0
205;正;zhèng;w_hsk1_205;;0;0
206;外;wài;w_hsk1_206;;0;0
207;两;liǎng;w_hsk1_207;;0;0
208;间;jiān;w_hsk1_208;;0;0
209;问;wèn;w_hsk1_209;;0;0
210;最;zuì;w_hsk1_210;;0;0
211;手;shǒu;w_hsk1_211;;0;0
212;体;tǐ;w_hsk1_212;;0;0
213;等;děng;w_hsk1_213;;0;0
214;新;xīn;w_hsk1_214;;0;0
215;身;shēn;w_hsk1_215;;0;0
216;表;biǎo;w_hsk1_216;;0;0
217;给;gěi;w_hsk1_217;;0;0
218;次;cì;w_hsk1_218;;0;0
219;门;mén;w_hsk1_219;;0;0
220;常;cháng;w_hsk1_220;;0;0
221;教;jiào;w_hsk1_221;;0;0
222;比;bǐ;w_hsk1_222;;0;0
223;员;yuán;w_hsk1_223;;0;0
224;真;zhēn;w_hsk1_224;;0;0
225;走;zǒu;w_hsk1_225;;0;0
226;条;tiáo;w_hsk1_226;;0;0
227;题;tí;w_hsk1_227;;0;0
228;别;bié;w_hsk1_228;;0;0
229;报;bào;w_hsk1_229;;0;0
230;务;wù;w_hsk1_230;;0;0
231;场;chǎng;w_hsk1_231;;0;0
232;件;jiàn;w_hsk1_232;;0;0
233;便;biàn;w_hsk1_233;;0;0
234;司;sī;w_hsk1_234;;0;0
235;眼;yǎn;w_hsk1_235;;0;0
236;非;fēi;w_hsk1_236;;0;0
237;白;bái;w_hsk1_237;;0;0
238;思;sī;w_hsk1_238;;0;0
239;完;wán;w_hsk1_239;;0;0
240;色;sè;w_hsk1_240;;0;0
241;路;lù;w_hsk1_241;;0;0
242;告;gào;w_hsk1_242;;0;0
243;边;biān;w_hsk1_243;;0;0
244;望;wàng;w_hsk1_244;;0;0
245;共;gòng;w_hsk1_245;;0;0
246;让;ràng;w_hsk1_246;;0;0
247;运;yùn;w_hsk1_247;;0;0
248;笑;xiào;w_hsk1_248;;0;0
249;步;bù;w_hsk1_249;;0;0
250;每;měi;w_hsk1_250;;0;0
251;快;kuài;w_hsk1_251;;0;0
252;往;wǎng;w_hsk1_252;;0;0
253;近;jìn;w_hsk1_253;;0;0
254;夫;fū;w_hsk1_254;;0;0
255;准;zhǔn;w_hsk1_255;;0;0
256;始;shǐ;w_hsk1_256;;0;0
257;远;yuǎn;w_hsk1_257;;0;0
258;备;bèi;w_hsk1_258;;0;0
259;百;bǎi;w_hsk1_259;;0;0
260;离;lí;w_hsk1_260;;0;0
261;病;bìng;w_hsk1_261;;0;0
262;息;xī;w_hsk1_262;;0;0
263;火;huǒ;w_hsk1_263;;0;0
264;早;zǎo;w_hsk1_264;;0;0
265;找;zhǎo;w_hsk1_265;;0;0
266;吧;ba;w_hsk1_266;;0;0
267;考;kǎo;w_hsk1_267;;0;0
268;红;hóng;w_hsk1_268;;0;0
269;虽;suī;w_hsk1_269;;0;0
270;希;xī;w_hsk1_270;;0;0
271;房;fáng;w_hsk1_271;;0;0
272;黑;hēi;w_hsk1_272;;0;0
273;足;zú;w_hsk1_273;;0;0
274;孩;hái;w_hsk1_274;;0;0
275;站;zhàn;w_hsk1_275;;0;0
276;诉;sù;w_hsk1_276;;0;0
277;千;qiān;w_hsk1_277;;0;0
278;男;nán;w_hsk1_278;;0;0
279;助;zhù;w_hsk1_279;;0;0
280;乐;lè;w_hsk1_280;;0;0
281;球;qiú;w_hsk1_281;;0;0
282;错;cuò;w_hsk1_282;;0;0
283;晚;wǎn;w_hsk1_283;;0;0
284;试;shì;w_hsk1_284;;0;0
285;送;sòng;w_hsk1_285;;0;0
286;药;yào;w_hsk1_286;;0;0
287;游;yóu;w_hsk1_287;;0;0
288;室;shì;w_hsk1_288;;0;0
289;您;nín;w_hsk1_289;;0;0
290;帮;bāng;w_hsk1_290;;0;0
291;左;zuǒ;w_hsk1_291;;0;0
292;右;yòu;w_hsk1_292;;0;0
293;穿;chuān;w_hsk1_293;;0;0
294;哥;gē;w_hsk1_294;;0;0
295;弟;dì;w_hsk1_295;;0;0
296;慢;màn;w_hsk1_296;;0;0
297;忙;máng;w_hsk1_297;;0;0
298;介;jiè;w_hsk1_298;;0;0
299;鱼;yú;w_hsk1_299;;0;0
300;跑;pǎo;w_hsk1_300;;0;0
301;贵;guì;w_hsk1_301;;0;0
302;班;bān;w_hsk1_302;;0;0
303;票;piào;w_hsk1_303;;0;0
304;睛;jīng;w_hsk1_304;;0;0
305;旅;lǚ;w_hsk1_305;;0;0
306;笔;bǐ;w_hsk1_306;;0;0
307;卖;mài;w_hsk1_307;;0;0
308;旁;páng;w_hsk1_308;;0;0
309;阴;yīn;w_hsk1_309;;0;0
310;跳;tiào;w_hsk1_310;;0;0
311;雪;xuě;w_hsk1_311;;0;0
312;肉;ròu;w_hsk1_312;;0;0
313;馆;guǎn;w_hsk1_313;;0;0
314;牛;niú;w_hsk1_314;;0;0
315;纸;zhǐ;w_hsk1_315;;0;0
316;歌;gē;w_hsk1_316;;0;0
317;床;chuáng;w_hsk1_317;;0;0
318;玩;wán;w_hsk1_318;;0;0
319;妻;qī;w_hsk1_319;;0;0
320;休;xiū;w_hsk1_320;;0;0
321;舞;wǔ;w_hsk1_321;;0;0
322;姓;xìng;w_hsk1_322;;0;0
323;妹;mèi;w_hsk1_323;;0;0
324;汽;qì;w_hsk1_324;;0;0
325;课;kè;w_hsk1_325;;0;0
326;懂;dǒng;w_hsk1_326;;0;0
327;绍;shào;w_hsk1_327;;0;0
328;丈;zhàng;w_hsk1_328;;0;0
329;洗;xǐ;w_hsk1_329;;0;0
330;唱;chàng;w_hsk1_330;;0;0
331;奶;nǎi;w_hsk1_331;;0;0
332;宜;yí;w_hsk1_332;;0;0
333;累;lèi;w_hsk1_333;;0;0
334;羊;yáng;w_hsk1_334;;0;0
335;零;líng;w_hsk1_335;;0;0
336;蛋;dàn;w_hsk1_336;;0;0
337;鸡;jī;w_hsk1_337;;0;0
338;宾;bīn;w_hsk1_338;;0;0
339;颜;yán;w_hsk1_339;;0;0
340;瓜;guā;w_hsk1_340;;0;0
341;晴;qíng;w_hsk1_341;;0;0
342;啡;fēi;w_hsk1_342;;0;0
343;篮;lán;w_hsk1_343;;0;0
344;咖;kā;w_hsk1_344;;0;0
345;踢;tī;w_hsk1_345;;0;0
346;泳;yǒng;w_hsk1_346;;0;0
347;铅;qiān;w_hsk1_347;;0;0
348;地;de;w_hsk1_348;;0;0
349;而;ér;w_hsk1_349;;0;0
350;于;yú;w_hsk1_350;;0;0
351;自;zì;w_hsk1_351;;0;0
352;发;fā;w_hsk1_352;;0;0
353;用;yòng;w_hsk1_353;;0;0
354;行;xíng;w_hsk1_354;;0;0
355;种;zhǒng;w_hsk1_355;;0;0
356;成;chéng;w_hsk1_356;;0;0
357;方;fāng;w_hsk1_357;;0;0
358;法;fǎ;w_hsk1_358;;0;0
359;如;rú;w_hsk1_359;;0;0
360;当;dāng;w_hsk1_360;;0;0
361;定;dìng;w_hsk1_361;;0;0
362;其;qí;w_hsk1_362;;0;0
363;主;zhǔ;w_hsk1_363;;0;0
364;理;lǐ;w_hsk1_364;;0;0
365;心;xīn;w_hsk1_365;;0;0
366;只;zhǐ;w_hsk1_366;;0;0
367;实;shí;w_hsk1_367;;0;0
368;者;zhě;w_hsk1_368;;0;0
369;力;lì;w_hsk1_369;;0;0
370;把;bǎ;w_hsk1_370;;0;0
371;又;yòu;w_hsk1_371;;0;0
372;业;yè;w_hsk1_372;;0;0
373;重;zhòng;w_hsk1_373;;0;0
374;物;wù;w_hsk1_374;;0;0
375;应;yīng;w_hsk1_375;;0;0
376;向;xiàng;w_hsk1_376;;0;0
377;头;tóu;w_hsk1_377;;0;0
378;文;wén;w_hsk1_378;;0;0
379;相;xiāng;w_hsk1_379;;0;0
380;被;bèi;w_hsk1_380;;0;0
381;或;huò;w_hsk1_381;;0;0
382;己;jǐ;w_hsk1_382;;0;0
383;加;jiā;w_hsk1_383;;0;0
384;特;tè;w_hsk1_384;;0;0
385;信;xìn;w_hsk1_385;;0;0
386;化;huà;w_hsk1_386;;0;0
387;世;shì;w_hsk1_387;;0;0
388;位;wèi;w_hsk1_388;;0;0
389;声;shēng;w_hsk1_389;;0;0
390;提;tí;w_hsk1_390;;0;0
391;解;jiě;w_hsk1_391;;0;0
392;口;kǒu;w_hsk1_392;;0;0
393;平;píng;w_hsk1_393;;0;0
394;更;gèng;w_hsk1_394;;0;0
395;变;biàn;w_hsk1_395;;0;0
396;总;zǒng;w_hsk1_396;;0;0
397;数;shù;w_hsk1_397;;0;0
398;安;ān;w_hsk1_398;;0;0
399;才;cái;w_hsk1_399;;0;0
400;结;jié;w_hsk1_400;;0;0
401;目;mù;w_hsk1_401;;0;0
402;感;gǎn;w_hsk1_402;;0;0
403;接;jiē;w_hsk1_403;;0;0
404;必;bì;w_hsk1_404;;0;0
405;市;shì;w_hsk1_405;;0;0
406;直;zhí;w_hsk1_406;;0;0
407;山;shān;w_hsk1_407;;0;0
408;空;kōng;w_hsk1_408;;0;0
409;决;jué;w_hsk1_409;;0;0
410;马;mǎ;w_hsk1_410;;0;0
411;界;jiè;w_hsk1_411;;0;0
412;放;fàng;w_hsk1_412;;0;0
413;像;xiàng;w_hsk1_413;;0;0
414;且;qiě;w_hsk1_414;;0;0
415;难;nán;w_hsk1_415;;0;0
416;记;jì;w_hsk1_416;;0;0
417;南;nán;w_hsk1_417;;0;0
418;求;qiú;w_hsk1_418;;0;0
419;据;jù;w_hsk1_419;;0;0
420;张;zhāng;w_hsk1_420;;0;0
421;该;gāi;w_hsk1_421;;0;0
422;万;wàn;w_hsk1_422;;0;0
423;清;qīng;w_hsk1_423;;0;0
424;带;dài;w_hsk1_424;;0;0
425;风;fēng;w_hsk1_425;;0;0
426;根;gēn;w_hsk1_426;;0;0
427;干;gàn;w_hsk1_427;;0;0
428;极;jí;w_hsk1_428;;0;0
429;办;bàn;w_hsk1_429;;0;0
430;议;yì;w_hsk1_430;;0;0
431;元;yuán;w_hsk1_431;;0;0
432;单;dān;w_hsk1_432;;0;0
433;调;diào;w_hsk1_433;;0;0
434;算;suàn;w_hsk1_434;;0;0
435;需;xū;w_hsk1_435;;0;0
436;花;huā;w_hsk1_436;;0;0
437;城;chéng;w_hsk1_437;;0;0
438;级;jí;w_hsk1_438;;0;0
439;复;fù;w_hsk1_439;;0;0
440;满;mǎn;w_hsk1_440;;0;0
441;越;yuè;w_hsk1_441;;0;0
442;容;róng;w_hsk1_442;;0;0
443;照;zhào;w_hsk1_443;;0;0
444;须;xū;w_hsk1_444;;0;0
445;包;bāo;w_hsk1_445;;0;0
446;片;piàn;w_hsk1_446;;0;0
447;史;shǐ;w_hsk1_447;;0;0
448;乎;hū;w_hsk1_448;;0;0
449;查;chá;w_hsk1_449;;0;0
450;轻;qīng;w_hsk1_450;;0;0
451;易;yì;w_hsk1_451;;0;0
452;除;chú;w_hsk1_452;;0;0
453;阿;ā;w_hsk1_453;;0;0
454;李;lǐ;w_hsk1_454;;0;0
455;图;tú;w_hsk1_455;;0;0
456;历;lì;w_hsk1_456;;0;0
457;突;tū;w_hsk1_457;;0;0
458;周;zhōu;w_hsk1_458;;0;0
459;较;jiào;w_hsk1_459;;0;0
460;注;zhù;w_hsk1_460;;0;0
461;选;xuǎn;w_hsk1_461;;0;0
462;响;xiǎng;w_hsk1_462;;0;0
463;参;cān;w_hsk1_463;;0;0
464;半;bàn;w_hsk1_464;;0;0
465;节;jié;w_hsk1_465;;0;0
466;护;hù;w_hsk1_466;;0;0
467;音;yīn;w_hsk1_467;;0;0
468;跟;gēn;w_hsk1_468;;0;0
469;留;liú;w_hsk1_469;;0;0
470;讲;jiǎng;w_hsk1_470;;0;0
471;料;liào;w_hsk1_471;;0;0
472;终;zhōng;w_hsk1_472;;0;0
473;答;dá;w_hsk1_473;;0;0
474;黄;huáng;w_hsk1_474;;0;0
475;奇;qí;w_hsk1_475;;0;0
476;段;duàn;w_hsk1_476;;0;0
477;故;gù;w_hsk1_477;;0;0
478;河;hé;w_hsk1_478;;0;0
479;害;hài;w_hsk1_479;;0;0
480;双;shuāng;w_hsk1_480;;0;0
481;境;jìng;w_hsk1_481;;0;0
482;愿;yuàn;w_hsk1_482;;0;0
483;网;wǎng;w_hsk1_483;;0;0
484;育;yù;w_hsk1_484;;0;0
485;船;chuán;w_hsk1_485;;0;0
486;脸;liǎn;w_hsk1_486;;0;0
487;刻;kè;w_hsk1_487;;0;0
488;刚;gāng;w_hsk1_488;;0;0
489;般;bān;w_hsk1_489;;0;0
490;怕;pà;w_hsk1_490;;0;0
491;假;jiǎ;w_hsk1_491;;0;0
492;久;jiǔ;w_hsk1_492;;0;0
493;拿;ná;w_hsk1_493;;0;0
494;阳;yáng;w_hsk1_494;;0;0
495;急;jí;w_hsk1_495;;0;0
496;居;jū;w_hsk1_496;;0;0
497;环;huán;w_hsk1_497;;0;0
498;树;shù;w_hsk1_498;;0;0
499;层;céng;w_hsk1_499;;0;0
500;句;jù;w_hsk1_500;;0;0
501;简;jiǎn;w_hsk1_501;;0;0
502;卡;kǎ;w_hsk1_502;;0;0
503;担;dān;w_hsk1_503;;0;0
504;静;jìng;w_hsk1_504;;0;0
505;检;jiǎn;w_hsk1_505;;0;0
506;差;chà;w_hsk1_506;;0;0
507;角;jiǎo;w_hsk1_507;;0;0
508;皮;pí;w_hsk1_508;;0;0
509;啊;a;w_hsk1_509;;0;0
510;超;chāo;w_hsk1_510;;0;0
511;银;yín;w_hsk1_511;;0;0
512;怪;guài;w_hsk1_512;;0;0
513;香;xiāng;w_hsk1_513;;0;0
514;铁;tiě;w_hsk1_514;;0;0
515;草;cǎo;w_hsk1_515;;0;0
516;脚;jiǎo;w_hsk1_516;;0;0
517;酒;jiǔ;w_hsk1_517;;0;0
518;顾;gù;w_hsk1_518;;0;0
519;换;huàn;w_hsk1_519;;0;0
520;闻;wén;w_hsk1_520;;0;0
521;坏;huài;w_hsk1_521;;0;0
522;楚;chǔ;w_hsk1_522;;0;0
523;楼;lóu;w_hsk1_523;;0;0
524;画;huà;w_hsk1_524;;0;0
525;耳;ěr;w_hsk1_525;;0;0
526;短;duǎn;w_hsk1_526;;0;0
527;遇;yù;w_hsk1_527;;0;0
528;康;kāng;w_hsk1_528;;0;0
529;旧;jiù;w_hsk1_529;;0;0
530;春;chūn;w_hsk1_530;;0;0
531;附;fù;w_hsk1_531;;0;0
532;礼;lǐ;w_hsk1_532;;0;0
533;板;bǎn;w_hsk1_533;;0;0
534;婚;hūn;w_hsk1_534;;0;0
535;鲜;xiān;w_hsk1_535;;0;0
536;词;cí;w_hsk1_536;;0;0
537;择;zé;w_hsk1_537;;0;0
538;健;jiàn;w_hsk1_538;;0;0
539;借;jiè;w_hsk1_539;;0;0
540;园;yuán;w_hsk1_540;;0;0
541;牙;yá;w_hsk1_541;;0;0
542;束;shù;w_hsk1_542;;0;0
543;练;liàn;w_hsk1_543;;0;0
544;爷;yé;w_hsk1_544;;0;0
545;嘴;zuǐ;w_hsk1_545;;0;0
546;戏;xì;w_hsk1_546;;0;0
547;典;diǎn;w_hsk1_547;;0;0
548;盘;pán;w_hsk1_548;;0;0
549;忘;wàng;w_hsk1_549;;0;0
550;赛;sài;w_hsk1_550;;0;0
551;趣;qù;w_hsk1_551;;0;0
552;迎;yíng;w_hsk1_552;;0;0
553;冰;bīng;w_hsk1_553;;0;0
554;努;nǔ;w_hsk1_554;;0;0
555;绿;lǜ;w_hsk1_555;;0;0
556;街;jiē;w_hsk1_556;;0;0
557;灯;dēng;w_hsk1_557;;0;0
558;夏;xià;w_hsk1_558;;0;0
559;秋;qiū;w_hsk1_559;;0;0
560;末;mò;w_hsk1_560;;0;0
561;蓝;lán;w_hsk1_561;;0;0
562;烧;shāo;w_hsk1_562;;0;0
563;哭;kū;w_hsk1_563;;0;0
564;冒;mào;w_hsk1_564;;0;0
565;惯;guàn;w_hsk1_565;;0;0
566;鸟;niǎo;w_hsk1_566;;0;0
567;季;jì;w_hsk1_567;;0;0
568;鼻;bí;w_hsk1_568;;0;0
569;腿;tuǐ;w_hsk1_569;;0;0
570;迟;chí;w_hsk1_570;;0;0
571;辆;liàng;w_hsk1_571;;0;0
572;净;jìng;w_hsk1_572;;0;0
573;冬;dōng;w_hsk1_573;;0;0
574;骑;qí;w_hsk1_574;;0;0
575;叔;shū;w_hsk1_575;;0;0
576;爬;pá;w_hsk1_576;;0;0
577;扫;sǎo;w_hsk1_577;;0;0
578;箱;xiāng;w_hsk1_578;;0;0
579;舒;shū;w_hsk1_579;;0;0
580;绩;jī;w_hsk1_580;;0;0
581;饮;yǐn;w_hsk1_581;;0;0
582;朵;duǒ;w_hsk1_582;;0;0
583;鞋;xié;w_hsk1_583;;0;0
584;邮;yóu;w_hsk1_584;;0;0
585;邻;lín;w_hsk1_585;;0;0
586;聪;cōng;w_hsk1_586;;0;0
587;梯;tī;w_hsk1_587;;0;0
588;瓶;píng;w_hsk1_588;;0;0
589;疼;téng;w_hsk1_589;;0;0
590;熊;xióng;w_hsk1_590;;0;0
591;帽;mào;w_hsk1_591;;0;0
592;炼;liàn;w_hsk1_592;;0;0
593;搬;bān;w_hsk1_593;;0;0
594;刷;shuā;w_hsk1_594;;0;0
595;瘦;shòu;w_hsk1_595;;0;0
596;斤;jīn;w_hsk1_596;;0;0
597;胖;pàng;w_hsk1_597;;0;0
598;饿;è;w_hsk1_598;;0;0
599;聊;liáo;w_hsk1_599;;0;0
600;碗;wǎn;w_hsk1_600;;0;0
601;渴;kě;w_hsk1_601;;0;0
602;饱;bǎo;w_hsk1_602;;0;0
603;甜;tián;w_hsk1_603;;0;0
604;矮;ǎi;w_hsk1_604;;0;0
605;裤;kù;w_hsk1_605;;0;0
606;衫;shān;w_hsk1_606;;0;0
607;伞;sǎn;w_hsk1_607;;0;0
608;姨;yí;w_hsk1_608;;0;0
609;刮;guā;w_hsk1_609;;0;0
610;糕;gāo;w_hsk1_610;;0;0
611;裙;qún;w_hsk1_611;;0;0
612;衬;chèn;w_hsk1_612;;0;0
613;锻;duàn;w_hsk1_613;;0;0
614;澡;zǎo;w_hsk1_614;;0;0
615;啤;pí;w_hsk1_615;;0;0
616;蕉;jiāo;w_hsk1_616;;0;0
617;筷;kuài;w_hsk1_617;;0;0
618;之;zhī;w_hsk1_618;;0;0
619;部;bù;w_hsk1_619;;0;0
620;无;wú;w_hsk1_620;;0;0
621;与;yǔ;w_hsk1_621;;0;0
622;民;mín;w_hsk1_622;;0;0
623;此;cǐ;w_hsk1_623;;0;0
624;使;shǐ;w_hsk1_624;;0;0
625;性;xìng;w_hsk1_625;;0;0
626;全;quán;w_hsk1_626;;0;0
627;将;jiāng;w_hsk1_627;;0;0
628;由;yóu;w_hsk1_628;;0;0
629;并;bìng;w_hsk1_629;;0;0
630;美;měi;w_hsk1_630;;0;0
631;利;lì;w_hsk1_631;;0;0
632;合;hé;w_hsk1_632;;0;0
633;内;nèi;w_hsk1_633;;0;0
634;度;dù;w_hsk1_634;;0;0
635;任;rèn;w_hsk1_635;;0;0
636;海;hǎi;w_hsk1_636;;0;0
637;通;tōng;w_hsk1_637;;0;0
638;原;yuán;w_hsk1_638;;0;0
639;及;jí;w_hsk1_639;;0;0
640;论;lùn;w_hsk1_640;;0;0
641;处;chù;w_hsk1_641;;0;0
642;各;gè;w_hsk1_642;;0;0
643;入;rù;w_hsk1_643;;0;0
644;活;huó;w_hsk1_644;;0;0
645;尔;ěr;w_hsk1_645;;0;0
646;何;hé;w_hsk1_646;;0;0
647;反;fǎn;w_hsk1_647;;0;0
648;受;shòu;w_hsk1_648;;0;0
649;量;liàng;w_hsk1_649;;0;0
650;建;jiàn;w_hsk1_650;;0;0
651;计;jì;w_hsk1_651;;0;0
652;管;guǎn;w_hsk1_652;;0;0
653;资;zī;w_hsk1_653;;0;0
654;命;mìng;w_hsk1_654;;0;0
655;金;jīn;w_hsk1_655;;0;0
656;指;zhǐ;w_hsk1_656;;0;0
657;克;kè;w_hsk1_657;;0;0
658;许;xǔ;w_hsk1_658;;0;0
659;区;qū;w_hsk1_659;;0;0
660;保;bǎo;w_hsk1_660;;0;0
661;至;zhì;w_hsk1_661;;0;0
662;队;duì;w_hsk1_662;;0;0
663;社;shè;w_hsk1_663;;0;0
664;展;zhǎn;w_hsk1_664;;0;0
665;科;kē;w_hsk1_665;;0;0
666;基;jī;w_hsk1_666;;0;0
667;则;zé;w_hsk1_667;;0;0
668;却;què;w_hsk1_668;;0;0
669;光;guāng;w_hsk1_669;;0;0
670;即;jí;w_hsk1_670;;0;0
671;象;xiàng;w_hsk1_671;;0;0
672;式;shì;w_hsk1_672;;0;0
673;程;chéng;w_hsk1_673;;0;0
674;死;sǐ;w_hsk1_674;;0;0
675;交;jiāo;w_hsk1_675;;0;0
676;规;guī;w_hsk1_676;;0;0
677;取;qǔ;w_hsk1_677;;0;0
678;拉;lā;w_hsk1_678;;0;0
679;格;gé;w_hsk1_679;;0;0
680;术;shù;w_hsk1_680;;0;0
681;确;què;w_hsk1_681;;0;0
682;传;chuán;w_hsk1_682;;0;0
683;观;guān;w_hsk1_683;;0;0
684;切;qiè;w_hsk1_684;;0;0
685;导;dǎo;w_hsk1_685;;0;0
686;争;zhēng;w_hsk1_686;;0;0
687;改;gǎi;w_hsk1_687;;0;0
688;收;shōu;w_hsk1_688;;0;0
689;言;yán;w_hsk1_689;;0;0
690;联;lián;w_hsk1_690;;0;0
691;持;chí;w_hsk1_691;;0;0
692;济;jì;w_hsk1_692;;0;0
693;亲;qīn;w_hsk1_693;;0;0
694;林;lín;w_hsk1_694;;0;0
695;士;shì;w_hsk1_695;;0;0
696;证;zhèng;w_hsk1_696;;0;0
697;失;shī;w_hsk1_697;;0;0
698;转;zhuǎn;w_hsk1_698;;0;0
699;存;cún;w_hsk1_699;;0;0
700;台;tái;w_hsk1_700;;0;0
701;具;jù;w_hsk1_701;;0;0
702;流;liú;w_hsk1_702;;0;0
703;连;lián;w_hsk1_703;;0;0
704;深;shēn;w_hsk1_704;;0;0
705;质;zhì;w_hsk1_705;;0;0
706;价;jià;w_hsk1_706;;0;0
707;整;zhěng;w_hsk1_707;;0;0
708;况;kuàng;w_hsk1_708;;0;0
709;亚;yà;w_hsk1_709;;0;0
710;技;jì;w_hsk1_710;;0;0
711;际;jì;w_hsk1_711;;0;0
712;约;yuē;w_hsk1_712;;0;0
713;示;shì;w_hsk1_713;;0;0
714;究;jiū;w_hsk1_714;;0;0
715;线;xiàn;w_hsk1_715;;0;0
716;断;duàn;w_hsk1_716;;0;0
717;精;jīng;w_hsk1_717;;0;0
718;支;zhī;w_hsk1_718;;0;0
719;消;xiāo;w_hsk1_719;;0;0
720;增;zēng;w_hsk1_720;;0;0
721;研;yán;w_hsk1_721;;0;0
722;功;gōng;w_hsk1_722;;0;0
723;广;guǎng;w_hsk1_723;;0;0
724;标;biāo;w_hsk1_724;;0;0
725;谈;tán;w_hsk1_725;;0;0
726;引;yǐn;w_hsk1_726;;0;0
727;首;shǒu;w_hsk1_727;;0;0
728;局;jú;w_hsk1_728;;0;0
729;专;zhuān;w_hsk1_729;;0;0
730;费;fèi;w_hsk1_730;;0;0
731;尽;jǐn;w_hsk1_731;;0;0
732;另;lìng;w_hsk1_732;;0;0
733;仅;jǐn;w_hsk1_733;;0;0
734;落;luò;w_hsk1_734;;0;0
735;随;suí;w_hsk1_735;;0;0
736;列;liè;w_hsk1_736;;0;0
737;推;tuī;w_hsk1_737;;0;0
738;众;zhòng;w_hsk1_738;;0;0
739;案;àn;w_hsk1_739;;0;0
740;划;huà;w_hsk1_740;;0;0
741;律;lǜ;w_hsk1_741;;0;0
742;态;tài;w_hsk1_742;;0;0
743;验;yàn;w_hsk1_743;;0;0
744;责;zé;w_hsk1_744;;0;0
745;够;gòu;w_hsk1_745;;0;0
746;章;zhāng;w_hsk1_746;;0;0
747;志;zhì;w_hsk1_747;;0;0
748;底;dǐ;w_hsk1_748;;0;0
749;严;yán;w_hsk1_749;;0;0
750;例;lì;w_hsk1_750;;0;0
751;族;zú;w_hsk1_751;;0;0
752;供;gōng;w_hsk1_752;;0;0
753;效;xiào;w_hsk1_753;;0;0
754;续;xù;w_hsk1_754;;0;0
755;紧;jǐn;w_hsk1_755;;0;0
756;绝;jué;w_hsk1_756;;0;0
757;察;chá;w_hsk1_757;;0;0
758;母;mǔ;w_hsk1_758;;0;0
759;批;pī;w_hsk1_759;;0;0
760;按;àn;w_hsk1_760;;0;0
761;围;wéi;w_hsk1_761;;0;0
762;江;jiāng;w_hsk1_762;;0;0
763;纪;jì;w_hsk1_763;;0;0
764;举;jǔ;w_hsk1_764;;0;0
765;父;fù;w_hsk1_765;;0;0
766;密;mì;w_hsk1_766;;0;0
767;低;dī;w_hsk1_767;;0;0
768;止;zhǐ;w_hsk1_768;;0;0
769;细;xì;w_hsk1_769;;0;0
770;值;zhí;w_hsk1_770;;0;0
771;仍;réng;w_hsk1_771;;0;0
772;破;pò;w_hsk1_772;;0;0
773;倒;dào;w_hsk1_773;;0;0
774;职;zhí;w_hsk1_774;;0;0
775;速;sù;w_hsk1_775;;0;0
776;否;fǒu;w_hsk1_776;;0;0
777;毛;máo;w_hsk1_777;;0;0
778;甚;shén;w_hsk1_778;;0;0
779;普;pǔ;w_hsk1_779;;0;0
780;弹;dàn;w_hsk1_780;;0;0
781;苦;kǔ;w_hsk1_781;;0;0
782;印;yìn;w_hsk1_782;;0;0
783;预;yù;w_hsk1_783;;0;0
784;微;wēi;w_hsk1_784;;0;0
785;继;jì;w_hsk1_785;;0;0
786;惊;jīng;w_hsk1_786;;0;0
787;伤;shāng;w_hsk1_787;;0;0
788;适;shì;w_hsk1_788;;0;0
789;省;shěng;w_hsk1_789;;0;0
790;卫;wèi;w_hsk1_790;;0;0
791;险;xiǎn;w_hsk1_791;;0;0
792;排;pái;w_hsk1_792;;0;0
793;福;fú;w_hsk1_793;;0;0
794;警;jǐng;w_hsk1_794;;0;0
795;获;huò;w_hsk1_795;;0;0
796;负;fù;w_hsk1_796;;0;0
797;云;yún;w_hsk1_797;;0;0
798;停;tíng;w_hsk1_798;;0;0
799;疑;yí;w_hsk1_799;;0;0
800;洲;zhōu;w_hsk1_800;;0;0
801;竟;jìng;w_hsk1_801;;0;0
802;激;jī;w_hsk1_802;;0;0
803;演;yǎn;w_hsk1_803;;0;0
804;判;pàn;w_hsk1_804;;0;0
805;既;jì;w_hsk1_805;;0;0
806;积;jī;w_hsk1_806;;0;0
807;富;fù;w_hsk1_807;;0;0
808;占;zhàn;w_hsk1_808;;0;0
809;修;xiū;w_hsk1_809;;0;0
810;降;jiàng;w_hsk1_810;;0;0
811;坚;jiān;w_hsk1_811;;0;0
812;免;miǎn;w_hsk1_812;;0;0
813;压;yā;w_hsk1_813;;0;0
814;养;yǎng;w_hsk1_814;;0;0
815;怀;huái;w_hsk1_815;;0;0
816;乱;luàn;w_hsk1_816;;0;0
817;航;háng;w_hsk1_817;;0;0
818;优;yōu;w_hsk1_818;;0;0
819;著;zhe;w_hsk1_819;;0;0
820;份;fèn;w_hsk1_820;;0;0
821;艺;yì;w_hsk1_821;;0;0
822;概;gài;w_hsk1_822;;0;0
823;敢;gǎn;w_hsk1_823;;0;0
824;户;hù;w_hsk1_824;;0;0
825;洋;yáng;w_hsk1_825;;0;0
826;款;kuǎn;w_hsk1_826;;0;0
827;评;píng;w_hsk1_827;;0;0
828;座;zuò;w_hsk1_828;;0;0
829;释;shì;w_hsk1_829;;0;0
830;景;jǐng;w_hsk1_830;;0;0
831;登;dēng;w_hsk1_831;;0;0
832;货;huò;w_hsk1_832;;0;0
833;互;hù;w_hsk1_833;;0;0
834;付;fù;w_hsk1_834;;0;0
835;危;wēi;w_hsk1_835;;0;0
836;讨;tǎo;w_hsk1_836;;0;0
837;丽;lì;w_hsk1_837;;0;0
838;序;xù;w_hsk1_838;;0;0
839;永;yǒng;w_hsk1_839;;0;0
840;呼;hū;w_hsk1_840;;0;0
841;味;wèi;w_hsk1_841;;0;0
842;沙;shā;w_hsk1_842;;0;0
843;掉;diào;w_hsk1_843;;0;0
844;杂;zá;w_hsk1_844;;0;0
845;误;wù;w_hsk1_845;;0;0
846;减;jiǎn;w_hsk1_846;;0;0
847;肯;kěn;w_hsk1_847;;0;0
848;败;bài;w_hsk1_848;;0;0
849;梦;mèng;w_hsk1_849;;0;0
850;散;sàn;w_hsk1_850;;0;0
851;温;wēn;w_hsk1_851;;0;0
852;困;kùn;w_hsk1_852;;0;0
853;封;fēng;w_hsk1_853;;0;0
854;缺;quē;w_hsk1_854;;0;0
855;恐;kǒng;w_hsk1_855;;0;0
856;松;sōng;w_hsk1_856;;0;0
857;虑;lǜ;w_hsk1_857;;0;0
858;幸;xìng;w_hsk1_858;;0;0
859;赶;gǎn;w_hsk1_859;;0;0
860;剧;jù;w_hsk1_860;;0;0
861;叶;yè;w_hsk1_861;;0;0
862;吸;xī;w_hsk1_862;;0;0
863;呀;ya;w_hsk1_863;;0;0
864;顺;shùn;w_hsk1_864;;0;0
865;输;shū;w_hsk1_865;;0;0
866;招;zhāo;w_hsk1_866;;0;0
867;脱;tuō;w_hsk1_867;;0;0
868;油;yóu;w_hsk1_868;;0;0
869;材;cái;w_hsk1_869;;0;0
870;博;bó;w_hsk1_870;;0;0
871;烟;yān;w_hsk1_871;;0;0
872;授;shòu;w_hsk1_872;;0;0
873;禁;jìn;w_hsk1_873;;0;0
874;孙;sūn;w_hsk1_874;;0;0
875;篇;piān;w_hsk1_875;;0;0
876;遍;biàn;w_hsk1_876;;0;0
877;础;chǔ;w_hsk1_877;;0;0
878;翻;fān;w_hsk1_878;;0;0
879;森;sēn;w_hsk1_879;;0;0
880;默;mò;w_hsk1_880;;0;0
881;熟;shú;w_hsk1_881;;0;0
882;伙;huǒ;w_hsk1_882;;0;0
883;弄;nòng;w_hsk1_883;;0;0
884;刀;dāo;w_hsk1_884;;0;0
885;窗;chuāng;w_hsk1_885;;0;0
886;醒;xǐng;w_hsk1_886;;0;0
887;购;gòu;w_hsk1_887;;0;0
888;虎;hǔ;w_hsk1_888;;0;0
889;扬;yáng;w_hsk1_889;;0;0
890;毕;bì;w_hsk1_890;;0;0
891;尤;yóu;w_hsk1_891;;0;0
892;竞;jìng;w_hsk1_892;;0;0
893;弃;qì;w_hsk1_893;;0;0
894;麻;má;w_hsk1_894;;0;0
895;申;shēn;w_hsk1_895;;0;0
896;售;shòu;w_hsk1_896;;0;0
897;针;zhēn;w_hsk1_897;;0;0
898;抱;bào;w_hsk1_898;;0;0
899;鼓;gǔ;w_hsk1_899;;0;0
900;植;zhí;w_hsk1_900;;0;0
901;页;yè;w_hsk1_901;;0;0
902;折;zhé;w_hsk1_902;;0;0
903;尊;zūn;w_hsk1_903;;0;0
904;秀;xiù;w_hsk1_904;;0;0
905;染;rǎn;w_hsk1_905;;0;0
906;迷;mí;w_hsk1_906;;0;0
907;诚;chéng;w_hsk1_907;;0;0
908;彩;cǎi;w_hsk1_908;;0;0
909;抽;chōu;w_hsk1_909;;0;0
910;浪;làng;w_hsk1_910;;0;0
911;丰;fēng;w_hsk1_911;;0;0
912;译;yì;w_hsk1_912;;0;0
913;距;jù;w_hsk1_913;;0;0
914;符;fú;w_hsk1_914;;0;0
915;勇;yǒng;w_hsk1_915;;0;0
916;厅;tīng;w_hsk1_916;;0;0
917;拜;bài;w_hsk1_917;;0;0
918;巧;qiǎo;w_hsk1_918;;0;0
919;戴;dài;w_hsk1_919;;0;0
920;童;tóng;w_hsk1_920;;0;0
921;乘;chéng;w_hsk1_921;;0;0
922;挂;guà;w_hsk1_922;;0;0
923;奖;jiǎng;w_hsk1_923;;0;0
924;厚;hòu;w_hsk1_924;;0;0
925;镜;jìng;w_hsk1_925;;0;0
926;烦;fán;w_hsk1_926;;0;0
927;签;qiān;w_hsk1_927;;0;0
928;牌;pái;w_hsk1_928;;0;0
929;咱;zán;w_hsk1_929;;0;0
930;奋;fèn;w_hsk1_930;;0;0
931;播;bō;w_hsk1_931;;0;0
932;桥;qiáo;w_hsk1_932;;0;0
933;寒;hán;w_hsk1_933;;0;0
934;聚;jù;w_hsk1_934;;0;0
935;袋;dài;w_hsk1_935;;0;0
936;暂;zàn;w_hsk1_936;;0;0
937;估;gū;w_hsk1_937;;0;0
938;拒;jù;w_hsk1_938;;0;0
939;忆;yì;w_hsk1_939;;0;0
940;闹;nào;w_hsk1_940;;0;0
941;厉;lì;w_hsk1_941;;0;0
942;穷;qióng;w_hsk1_942;;0;0
943;码;mǎ;w_hsk1_943;;0;0
944;偶;ǒu;w_hsk1_944;;0;0
945;稍;shāo;w_hsk1_945;;0;0
946;矿;kuàng;w_hsk1_946;;0;0
947;抬;tái;w_hsk1_947;;0;0
948;倍;bèi;w_hsk1_948;;0;0
949;污;wū;w_hsk1_949;;0;0
950;耐;nài;w_hsk1_950;;0;0
951;粗;cū;w_hsk1_951;;0;0
952;悉;xī;w_hsk1_952;;0;0
953;详;xiáng;w_hsk1_953;;0;0
954;允;yǔn;w_hsk1_954;;0;0
955;剩;shèng;w_hsk1_955;;0;0
956;漫;màn;w_hsk1_956;;0;0
957;酸;suān;w_hsk1_957;;0;0
958;辛;xīn;w_hsk1_958;;0;0
959;餐;cān;w_hsk1_959;;0;0
960;挺;tǐng;w_hsk1_960;;0;0
961;励;lì;w_hsk1_961;;0;0
962;键;jiàn;w_hsk1_962;;0;0
963;扰;rǎo;w_hsk1_963;;0;0
964;阅;yuè;w_hsk1_964;;0;0
965;汗;hàn;w_hsk1_965;;0;0
966;骗;piàn;w_hsk1_966;;0;0
967;龄;líng;w_hsk1_967;;0;0
968;惜;xī;w_hsk1_968;;0;0
969;仔;zǐ;w_hsk1_969;;0;0
970;俩;liǎ;w_hsk1_970;;0;0
971;籍;jí;w_hsk1_971;;0;0
972;凉;liáng;w_hsk1_972;;0;0
973;貌;mào;w_hsk1_973;;0;0
974;猜;cāi;w_hsk1_974;;0;0
975;怜;lián;w_hsk1_975;;0;0
976;躺;tǎng;w_hsk1_976;;0;0
977;钢;gāng;w_hsk1_977;;0;0
978;寄;jì;w_hsk1_978;;0;0
979;汤;tāng;w_hsk1_979;;0;0
980;肥;féi;w_hsk1_980;;0;0
981;尝;cháng;w_hsk1_981;;0;0
982;厌;yàn;w_hsk1_982;;0;0
983;脏;zàng;w_hsk1_983;;0;0
984;幽;yōu;w_hsk1_984;;0;0
985;丢;diū;w_hsk1_985;;0;0
986;泉;quán;w_hsk1_986;;0;0
987;祝;zhù;w_hsk1_987;;0;0
988;陪;péi;w_hsk1_988;;0;0
989;贺;hè;w_hsk1_989;;0;0
990;琴;qín;w_hsk1_990;;0;0
991;恼;nǎo;w_hsk1_991;;0;0
992;敲;qiāo;w_hsk1_992;;0;0
993;暖;nuǎn;w_hsk1_993;;0;0
994;糖;táng;w_hsk1_994;;0;0
995;擦;cā;w_hsk1_995;;0;0
996;肤;fū;w_hsk1_996;;0;0
997;肚;dù;w_hsk1_997;;0;0
998;赢;yíng;w_hsk1_998;;0;0
999;址;zhǐ;w_hsk1_999;;0;0
1000;悔;huǐ;w_hsk1_1000;;0;0
1001;邀;yāo;w_hsk1_1001;;0;0
1002;羽;yǔ;w_hsk1_1002;;0;0
1003;盐;yán;w_hsk1_1003;;0;0
1004;傅;fù;w_hsk1_1004;;0;0
1005;帅;shuài;w_hsk1_1005;;0;0
1006;扔;rēng;w_hsk1_1006;;0;0
1007;傲;ào;w_hsk1_1007;;0;0
1008;拾;shí;w_hsk1_1008;;0;0
1009;填;tián;w_hsk1_1009;;0;0
1010;扮;bàn;w_hsk1_1010;;0;0
1011;愉;yú;w_hsk1_1011;;0;0
1012;慕;mù;w_hsk1_1012;;0;0
1013;秒;miǎo;w_hsk1_1013;;0;0
1014;塑;sù;w_hsk1_1014;;0;0
1015;羞;xiū;w_hsk1_1015;;0;0
1016;盒;hé;w_hsk1_1016;;0;0
1017;棵;kē;w_hsk1_1017;;0;0
1018;谅;liàng;w_hsk1_1018;;0;0
1019;葡;pú;w_hsk1_1019;;0;0
1020;厨;chú;w_hsk1_1020;;0;0
1021;鸭;yā;w_hsk1_1021;;0;0
1022;谊;yì;w_hsk1_1022;;0;0
1023;歉;qiàn;w_hsk1_1023;;0;0
1024;赚;zhuàn;w_hsk1_1024;;0;0
1025;萄;táo;w_hsk1_1025;;0;0
1026;脾;pí;w_hsk1_1026;;0;0
1027;懒;lǎn;w_hsk1_1027;;0;0
1028;骄;jiāo;w_hsk1_1028;;0;0
1029;聘;pìn;w_hsk1_1029;;0;0
1030;巾;jīn;w_hsk1_1030;;0;0
1031;堵;dǔ;w_hsk1_1031;;0;0
1032;棒;bàng;w_hsk1_1032;;0;0
1033;硕;shuò;w_hsk1_1033;;0;0
1034;戚;qī;w_hsk1_1034;;0;0
1035;笨;bèn;w_hsk1_1035;;0;0
1036;泼;pō;w_hsk1_1036;;0;0
1037;郊;jiāo;w_hsk1_1037;;0;0
1038;饼;bǐng;w_hsk1_1038;;0;0
1039;咳;hāi;w_hsk1_1039;;0;0
1040;桶;tǒng;w_hsk1_1040;;0;0
1041;辣;là;w_hsk1_1041;;0;0
1042;膊;bó;w_hsk1_1042;;0;0
1043;趟;tàng;w_hsk1_1043;;0;0
1044;匙;shi;w_hsk1_1044;;0;0
1045;钥;yào;w_hsk1_1045;;0;0
1046;胳;gē;w_hsk1_1046;;0;0
1047;咸;xián;w_hsk1_1047;;0;0
1048;汁;zhī;w_hsk1_1048;;0;0
1049;垃;lā;w_hsk1_1049;;0;0
1050;烤;kǎo;w_hsk1_1050;;0;0
1051;圾;jī;w_hsk1_1051;;0;0
1052;逛;guàng;w_hsk1_1052;;0;0
1053;膏;gāo;w_hsk1_1053;;0;0
1054;羡;xiàn;w_hsk1_1054;;0;0
1055;暑;shǔ;w_hsk1_1055;;0;0
1056;嗽;sòu;w_hsk1_1056;;0;0
1057;橡;xiàng;w_hsk1_1057;;0;0
1058;厕;cè;w_hsk1_1058;;0;0
1059;袜;wà;w_hsk1_1059;;0;0
1060;勺;sháo;w_hsk1_1060;;0;0
1061;柿;shì;w_hsk1_1061;;0;0
1062;乒;pīng;w_hsk1_1062;;0;0
1063;乓;pāng;w_hsk1_1063;;0;0
1064;饺;jiǎo;w_hsk1_1064;;0;0
1065;军;jūn;w_hsk1_1065;;0;0
1066;战;zhàn;w_hsk1_1066;;0;0
1067;政;zhèng;w_hsk1_1067;;0;0
1068;产;chǎn;w_hsk1_1068;;0;0
1069;制;zhì;w_hsk1_1069;;0;0
1070;代;dài;w_hsk1_1070;;0;0
1071;立;lì;w_hsk1_1071;;0;0
1072;义;yì;w_hsk1_1072;;0;0
1073;神;shén;w_hsk1_1073;;0;0
1074;德;dé;w_hsk1_1074;;0;0
1075;统;tǒng;w_hsk1_1075;;0;0
1076;形;xíng;w_hsk1_1076;;0;0
1077;治;zhì;w_hsk1_1077;;0;0
1078;达;dá;w_hsk1_1078;;0;0
1079;强;qiáng;w_hsk1_1079;;0;0
1080;权;quán;w_hsk1_1080;;0;0
1081;王;wáng;w_hsk1_1081;;0;0
1082;设;shè;w_hsk1_1082;;0;0
1083;品;pǐn;w_hsk1_1083;;0;0
1084;类;lèi;w_hsk1_1084;;0;0
1085;领;lǐng;w_hsk1_1085;;0;0
1086;造;zào;w_hsk1_1086;;0;0
1087;组;zǔ;w_hsk1_1087;;0;0
1088;英;yīng;w_hsk1_1088;;0;0
1089;令;lìng;w_hsk1_1089;;0;0
1090;布;bù;w_hsk1_1090;;0;0
1091;未;wèi;w_hsk1_1091;;0;0
1092;击;jī;w_hsk1_1092;;0;0
1093;兵;bīng;w_hsk1_1093;;0;0
1094;团;tuán;w_hsk1_1094;;0;0
1095;集;jí;w_hsk1_1095;;0;0
1096;华;huá;w_hsk1_1096;;0;0
1097;石;shí;w_hsk1_1097;;0;0
1098;府;fǔ;w_hsk1_1098;;0;0
1099;似;shì;w_hsk1_1099;;0;0
1100;官;guān;w_hsk1_1100;;0;0
1101;器;qì;w_hsk1_1101;;0;0
1102;称;chēng;w_hsk1_1102;;0;0
1103;企;qǐ;w_hsk1_1103;;0;0
1104;委;wěi;w_hsk1_1104;;0;0
1105;曾;céng;w_hsk1_1105;;0;0
1106;农;nóng;w_hsk1_1106;;0;0
1107;装;zhuāng;w_hsk1_1107;;0;0
1108;显;xiǎn;w_hsk1_1108;;0;0
1109;念;niàn;w_hsk1_1109;;0;0
1110;青;qīng;w_hsk1_1110;;0;0
1111;武;wǔ;w_hsk1_1111;;0;0
1112;势;shì;w_hsk1_1112;;0;0
1113;古;gǔ;w_hsk1_1113;;0;0
1114;构;gòu;w_hsk1_1114;;0;0
1115;土;tǔ;w_hsk1_1115;;0;0
1116;投;tóu;w_hsk1_1116;;0;0
1117;某;mǒu;w_hsk1_1117;;0;0
1118;维;wéi;w_hsk1_1118;;0;0
1119;革;gé;w_hsk1_1119;;0;0
1120;敌;dí;w_hsk1_1120;;0;0
1121;致;zhì;w_hsk1_1121;;0;0
1122;派;pài;w_hsk1_1122;;0;0
1123;营;yíng;w_hsk1_1123;;0;0
1124;巴;bā;w_hsk1_1124;;0;0
1125;防;fáng;w_hsk1_1125;;0;0
1126;施;shī;w_hsk1_1126;;0;0
1127;型;xíng;w_hsk1_1127;;0;0
1128;依;yī;w_hsk1_1128;;0;0
1129;群;qún;w_hsk1_1129;;0;0
1130;项;xiàng;w_hsk1_1130;;0;0
1131;织;zhī;w_hsk1_1131;;0;0
1132;斗;dòu;w_hsk1_1132;;0;0
1133;采;cǎi;w_hsk1_1133;;0;0
1134;杀;shā;w_hsk1_1134;;0;0
1135;朝;cháo;w_hsk1_1135;;0;0
1136;属;shǔ;w_hsk1_1136;;0;0
1137;限;xiàn;w_hsk1_1137;;0;0
1138;威;wēi;w_hsk1_1138;;0;0
1139;状;zhuàng;w_hsk1_1139;;0;0
1140;率;lǜ;w_hsk1_1140;;0;0
1141;独;dú;w_hsk1_1141;;0;0
1142;创;chuàng;w_hsk1_1142;;0;0
1143;承;chéng;w_hsk1_1143;;0;0
1144;股;gǔ;w_hsk1_1144;;0;0
1145;益;yì;w_hsk1_1145;;0;0
1146;血;xuè;w_hsk1_1146;;0;0
1147;素;sù;w_hsk1_1147;;0;0
1148;夜;yè;w_hsk1_1148;;0;0
1149;初;chū;w_hsk1_1149;;0;0
1150;源;yuán;w_hsk1_1150;;0;0
1151;食;shí;w_hsk1_1151;;0;0
1152;待;dài;w_hsk1_1152;;0;0
1153;述;shù;w_hsk1_1153;;0;0
1154;陆;lù;w_hsk1_1154;;0;0
1155;置;zhì;w_hsk1_1155;;0;0
1156;劳;láo;w_hsk1_1156;;0;0
1157;财;cái;w_hsk1_1157;;0;0
1158;纳;nà;w_hsk1_1158;;0;0
1159;雷;léi;w_hsk1_1159;;0;0
1160;模;mó;w_hsk1_1160;;0;0
1161;充;chōng;w_hsk1_1161;;0;0
1162;木;mù;w_hsk1_1162;;0;0
1163;龙;lóng;w_hsk1_1163;;0;0
1164;冲;chōng;w_hsk1_1164;;0;0
1165;射;shè;w_hsk1_1165;;0;0
1166;略;lüè;w_hsk1_1166;;0;0
1167;范;fàn;w_hsk1_1167;;0;0
1168;村;cūn;w_hsk1_1168;;0;0
1169;哈;hā;w_hsk1_1169;;0;0
1170;退;tuì;w_hsk1_1170;;0;0
1171;余;yú;w_hsk1_1171;;0;0
1172;痛;tòng;w_hsk1_1172;;0;0
1173;灵;líng;w_hsk1_1173;;0;0
1174;配;pèi;w_hsk1_1174;;0;0
1175;征;zhēng;w_hsk1_1175;;0;0
1176;挥;huī;w_hsk1_1176;;0;0
1177;胜;shèng;w_hsk1_1177;;0;0
1178;阶;jiē;w_hsk1_1178;;0;0
1179;沉;chén;w_hsk1_1179;;0;0
1180;善;shàn;w_hsk1_1180;;0;0
1181;执;zhí;w_hsk1_1181;;0;0
1182;追;zhuī;w_hsk1_1182;;0;0
1183;宣;xuān;w_hsk1_1183;;0;0
1184;佛;fú;w_hsk1_1184;;0;0
1185;控;kòng;w_hsk1_1185;;0;0
1186;税;shuì;w_hsk1_1186;;0;0
1187;背;bèi;w_hsk1_1187;;0;0
1188;阵;zhèn;w_hsk1_1188;;0;0
1189;恶;è;w_hsk1_1189;;0;0
1190;顿;dùn;w_hsk1_1190;;0;0
1191;守;shǒu;w_hsk1_1191;;0;0
1192;岛;dǎo;w_hsk1_1192;;0;0
1193;托;tuō;w_hsk1_1193;;0;0
1194;烈;liè;w_hsk1_1194;;0;0
1195;索;suǒ;w_hsk1_1195;;0;0
1196;胡;hú;w_hsk1_1196;;0;0
1197;靠;kào;w_hsk1_1197;;0;0
1198;版;bǎn;w_hsk1_1198;;0;0
1199;宝;bǎo;w_hsk1_1199;;0;0
1200;欧;ōu;w_hsk1_1200;;0;0
1201;核;hé;w_hsk1_1201;;0;0
1202;暗;àn;w_hsk1_1202;;0;0
1203;良;liáng;w_hsk1_1203;;0;0
1204;升;shēng;w_hsk1_1204;;0;0
1205;临;lín;w_hsk1_1205;;0;0
1206;架;jià;w_hsk1_1206;;0;0
1207;域;yù;w_hsk1_1207;;0;0
1208;括;kuò;w_hsk1_1208;;0;0
1209;编;biān;w_hsk1_1209;;0;0
1210;测;cè;w_hsk1_1210;;0;0
1211;屋;wū;w_hsk1_1211;;0;0
1212;渐;jiàn;w_hsk1_1212;;0;0
1213;救;jiù;w_hsk1_1213;;0;0
1214;枪;qiāng;w_hsk1_1214;;0;0
1215;县;xiàn;w_hsk1_1215;;0;0
1216;尚;shàng;w_hsk1_1216;;0;0
1217;毫;háo;w_hsk1_1217;;0;0
1218;移;yí;w_hsk1_1218;;0;0
1219;娘;niáng;w_hsk1_1219;;0;0
1220;智;zhì;w_hsk1_1220;;0;0
1221;掌;zhǎng;w_hsk1_1221;;0;0
1222;遗;yí;w_hsk1_1222;;0;0
1223;固;gù;w_hsk1_1223;;0;0
1224;席;xí;w_hsk1_1224;;0;0
1225;秘;mì;w_hsk1_1225;;0;0
1226;均;jūn;w_hsk1_1226;;0;0
1227;销;xiāo;w_hsk1_1227;;0;0
1228;诗;shī;w_hsk1_1228;;0;0
1229;藏;cáng;w_hsk1_1229;;0;0
1230;损;sǔn;w_hsk1_1230;;0;0
1231;忽;hū;w_hsk1_1231;;0;0
1232;巨;jù;w_hsk1_1232;;0;0
1233;炮;pào;w_hsk1_1233;;0;0
1234;录;lù;w_hsk1_1234;;0;0
1235;乡;xiāng;w_hsk1_1235;;0;0
1236;庭;tíng;w_hsk1_1236;;0;0
1237;妇;fù;w_hsk1_1237;;0;0
1238;归;guī;w_hsk1_1238;;0;0
1239;含;hán;w_hsk1_1239;;0;0
1240;摇;yáo;w_hsk1_1240;;0;0
1241;补;bǔ;w_hsk1_1241;;0;0
1242;谓;wèi;w_hsk1_1242;;0;0
1243;毒;dú;w_hsk1_1243;;0;0
1244;疗;liáo;w_hsk1_1244;;0;0
1245;逐;zhú;w_hsk1_1245;;0;0
1246;寻;xún;w_hsk1_1246;;0;0
1247;厂;chǎng;w_hsk1_1247;;0;0
1248;岸;àn;w_hsk1_1248;;0;0
1249;炸;zhà;w_hsk1_1249;;0;0
1250;载;zài;w_hsk1_1250;;0;0
1251;避;bì;w_hsk1_1251;;0;0
1252;抓;zhuā;w_hsk1_1252;;0;0
1253;荣;róng;w_hsk1_1253;;0;0
1254;姑;gū;w_hsk1_1254;;0;0
1255;逃;táo;w_hsk1_1255;;0;0
1256;顶;dǐng;w_hsk1_1256;;0;0
1257;玉;yù;w_hsk1_1257;;0;0
1258;迫;pò;w_hsk1_1258;;0;0
1259;洞;dòng;w_hsk1_1259;;0;0
1260;卷;juǎn;w_hsk1_1260;;0;0
1261;坦;tǎn;w_hsk1_1261;;0;0
1262;宁;níng;w_hsk1_1262;;0;0
1263;训;xùn;w_hsk1_1263;;0;0
1264;私;sī;w_hsk1_1264;;0;0
1265;丝;sī;w_hsk1_1265;;0;0
1266;握;wò;w_hsk1_1266;;0;0
1267;骨;gǔ;w_hsk1_1267;;0;0
1268;访;fǎng;w_hsk1_1268;;0;0
1269;弱;ruò;w_hsk1_1269;;0;0
1270;鬼;guǐ;w_hsk1_1270;;0;0
1271;软;ruǎn;w_hsk1_1271;;0;0
1272;扩;kuò;w_hsk1_1272;;0;0
1273;盖;gài;w_hsk1_1273;;0;0
1274;雄;xióng;w_hsk1_1274;;0;0
1275;稳;wěn;w_hsk1_1275;;0;0
1276;亿;yì;w_hsk1_1276;;0;0
1277;刺;cì;w_hsk1_1277;;0;0
1278;拥;yōng;w_hsk1_1278;;0;0
1279;齐;qí;w_hsk1_1279;;0;0
1280;虚;xū;w_hsk1_1280;;0;0
1281;析;xī;w_hsk1_1281;;0;0
1282;透;tòu;w_hsk1_1282;;0;0
1283;替;tì;w_hsk1_1283;;0;0
1284;途;tú;w_hsk1_1284;;0;0
1285;兄;xiōng;w_hsk1_1285;;0;0
1286;迅;xùn;w_hsk1_1286;;0;0
1287;套;tào;w_hsk1_1287;;0;0
1288;贸;mào;w_hsk1_1288;;0;0
1289;唯;wéi;w_hsk1_1289;;0;0
1290;轮;lún;w_hsk1_1290;;0;0
1291;库;kù;w_hsk1_1291;;0;0
1292;迹;jī;w_hsk1_1292;;0;0
1293;促;cù;w_hsk1_1293;;0;0
1294;延;yán;w_hsk1_1294;;0;0
1295;震;zhèn;w_hsk1_1295;;0;0
1296;甲;jiǎ;w_hsk1_1296;;0;0
1297;伟;wěi;w_hsk1_1297;;0;0
1298;缓;huǎn;w_hsk1_1298;;0;0
1299;闪;shǎn;w_hsk1_1299;;0;0
1300;哲;zhé;w_hsk1_1300;;0;0
1301;络;luò;w_hsk1_1301;;0;0
1302;纯;chún;w_hsk1_1302;;0;0
1303;忍;rěn;w_hsk1_1303;;0;0
1304;筑;zhù;w_hsk1_1304;;0;0
1305;贝;bèi;w_hsk1_1305;;0;0
1306;振;zhèn;w_hsk1_1306;;0;0
1307;圆;yuán;w_hsk1_1307;;0;0
1308;搞;gǎo;w_hsk1_1308;;0;0
1309;狂;kuáng;w_hsk1_1309;;0;0
1310;措;cuò;w_hsk1_1310;;0;0
1311;培;péi;w_hsk1_1311;;0;0
1312;宽;kuān;w_hsk1_1312;;0;0
1313;摆;bǎi;w_hsk1_1313;;0;0
1314;伸;shēn;w_hsk1_1314;;0;0
1315;摩;mó;w_hsk1_1315;;0;0
1316;悲;bēi;w_hsk1_1316;;0;0
1317;拍;pāi;w_hsk1_1317;;0;0
1318;硬;yìng;w_hsk1_1318;;0;0
1319;麦;mài;w_hsk1_1319;;0;0
1320;操;cāo;w_hsk1_1320;;0;0
1321;阻;zǔ;w_hsk1_1321;;0;0
1322;订;dìng;w_hsk1_1322;;0;0
1323;赞;zàn;w_hsk1_1323;;0;0
1324;纷;fēn;w_hsk1_1324;;0;0
1325;喊;hǎn;w_hsk1_1325;;0;0
1326;违;wéi;w_hsk1_1326;;0;0
1327;汇;huì;w_hsk1_1327;;0;0
1328;币;bì;w_hsk1_1328;;0;0
1329;殊;shū;w_hsk1_1329;;0;0
1330;献;xiàn;w_hsk1_1330;;0;0
1331;裁;cái;w_hsk1_1331;;0;0
1332;触;chù;w_hsk1_1332;;0;0
1333;敬;jìng;w_hsk1_1333;;0;0
1334;墙;qiáng;w_hsk1_1334;;0;0
1335;召;zhào;w_hsk1_1335;;0;0
1336;罚;fá;w_hsk1_1336;;0;0
1337;享;xiǎng;w_hsk1_1337;;0;0
1338;犹;yóu;w_hsk1_1338;;0;0
1339;彻;chè;w_hsk1_1339;;0;0
1340;描;miáo;w_hsk1_1340;;0;0
1341;妙;miào;w_hsk1_1341;;0;0
1342;彼;bǐ;w_hsk1_1342;;0;0
1343;仿;fǎng;w_hsk1_1343;;0;0
1344;闭;bì;w_hsk1_1344;;0;0
1345;庆;qìng;w_hsk1_1345;;0;0
1346;泪;lèi;w_hsk1_1346;;0;0
1347;朗;lǎng;w_hsk1_1347;;0;0
1348;尾;wěi;w_hsk1_1348;;0;0
1349;偷;tōu;w_hsk1_1349;;0;0
1350;虫;chóng;w_hsk1_1350;;0;0
1351;淡;dàn;w_hsk1_1351;;0;0
1352;恨;hèn;w_hsk1_1352;;0;0
1353;繁;fán;w_hsk1_1353;;0;0
1354;伴;bàn;w_hsk1_1354;;0;0
1355;旦;dàn;w_hsk1_1355;;0;0
1356;潮;cháo;w_hsk1_1356;;0;0
1357;粮;liáng;w_hsk1_1357;;0;0
1358;缩;suō;w_hsk1_1358;;0;0
1359;挑;tiāo;w_hsk1_1359;;0;0
1360;灰;huī;w_hsk1_1360;;0;0
1361;珍;zhēn;w_hsk1_1361;;0;0
1362;幕;mù;w_hsk1_1362;;0;0
1363;映;yìng;w_hsk1_1363;;0;0
1364;隔;gé;w_hsk1_1364;;0;0
1365;启;qǐ;w_hsk1_1365;;0;0
1366;泛;fàn;w_hsk1_1366;;0;0
1367;偿;cháng;w_hsk1_1367;;0;0
1368;呆;dāi;w_hsk1_1368;;0;0
1369;衡;héng;w_hsk1_1369;;0;0
1370;舍;shě;w_hsk1_1370;;0;0
1371;婆;pó;w_hsk1_1371;;0;0
1372;灾;zāi;w_hsk1_1372;;0;0
1373;胆;dǎn;w_hsk1_1373;;0;0
1374;俗;sú;w_hsk1_1374;;0;0
1375;辩;biàn;w_hsk1_1375;;0;0
1376;胸;xiōng;w_hsk1_1376;;0;0
1377;劲;jìn;w_hsk1_1377;;0;0
1378;辑;jí;w_hsk1_1378;;0;0
1379;恢;huī;w_hsk1_1379;;0;0
1380;圈;quān;w_hsk1_1380;;0;0
1381;摸;mō;w_hsk1_1381;;0;0
1382;润;rùn;w_hsk1_1382;;0;0
1383;堆;duī;w_hsk1_1383;;0;0
1384;碰;pèng;w_hsk1_1384;;0;0
1385;废;fèi;w_hsk1_1385;;0;0
1386;壁;bì;w_hsk1_1386;;0;0
1387;吹;chuī;w_hsk1_1387;;0;0
1388;糊;hú;w_hsk1_1388;;0;0
1389;盾;dùn;w_hsk1_1389;;0;0
1390;乏;fá;w_hsk1_1390;;0;0
1391;诊;zhěn;w_hsk1_1391;;0;0
1392;摄;shè;w_hsk1_1392;;0;0
1393;凭;píng;w_hsk1_1393;;0;0
1394;抢;qiǎng;w_hsk1_1394;;0;0
1395;绪;xù;w_hsk1_1395;;0;0
1396;肩;jiān;w_hsk1_1396;;0;0
1397;幻;huàn;w_hsk1_1397;;0;0
1398;碎;suì;w_hsk1_1398;;0;0
1399;综;zōng;w_hsk1_1399;;0;0
1400;返;fǎn;w_hsk1_1400;;0;0
1401;薄;báo;w_hsk1_1401;;0;0
1402;悄;qiāo;w_hsk1_1402;;0;0
1403;敏;mǐn;w_hsk1_1403;;0;0
1404;碍;ài;w_hsk1_1404;;0;0
1405;矛;máo;w_hsk1_1405;;0;0
1406;幅;fú;w_hsk1_1406;;0;0
1407;颗;kē;w_hsk1_1407;;0;0
1408;骂;mà;w_hsk1_1408;;0;0
1409;赏;shǎng;w_hsk1_1409;;0;0
1410;贴;tiē;w_hsk1_1410;;0;0
1411;腰;yāo;w_hsk1_1411;;0;0
1412;眉;méi;w_hsk1_1412;;0;0
1413;恋;liàn;w_hsk1_1413;;0;0
1414;吓;xià;w_hsk1_1414;;0;0
1415;辞;cí;w_hsk1_1415;;0;0
1416;尺;chǐ;w_hsk1_1416;;0;0
1417;辈;bèi;w_hsk1_1417;;0;0
1418;滑;huá;w_hsk1_1418;;0;0
1419;绕;rào;w_hsk1_1419;;0;0
1420;趋;qū;w_hsk1_1420;;0;0
1421;胁;xié;w_hsk1_1421;;0;0
1422;插;chā;w_hsk1_1422;;0;0
1423;慧;huì;w_hsk1_1423;;0;0
1424;媒;méi;w_hsk1_1424;;0;0
1425;佩;pèi;w_hsk1_1425;;0;0
1426;豪;háo;w_hsk1_1426;;0;0
1427;兼;jiān;w_hsk1_1427;;0;0
1428;跃;yuè;w_hsk1_1428;;0;0
1429;肃;sù;w_hsk1_1429;;0;0
1430;驶;shǐ;w_hsk1_1430;;0;0
1431;届;jiè;w_hsk1_1431;;0;0
1432;欣;xīn;w_hsk1_1432;;0;0
1433;惠;huì;w_hsk1_1433;;0;0
1434;册;cè;w_hsk1_1434;;0;0
1435;飘;piāo;w_hsk1_1435;;0;0
1436;闲;xián;w_hsk1_1436;;0;0
1437;频;pín;w_hsk1_1437;;0;0
1438;递;dì;w_hsk1_1438;;0;0
1439;撞;zhuàng;w_hsk1_1439;;0;0
1440;滚;gǔn;w_hsk1_1440;;0;0
1441;贡;gòng;w_hsk1_1441;;0;0
1442;疯;fēng;w_hsk1_1442;;0;0
1443;瞧;qiáo;w_hsk1_1443;;0;0
1444;燃;rán;w_hsk1_1444;;0;0
1445;锁;suǒ;w_hsk1_1445;;0;0
1446;劝;quàn;w_hsk1_1446;;0;0
1447;搜;sōu;w_hsk1_1447;;0;0
1448;勤;qín;w_hsk1_1448;;0;0
1449;戒;jiè;w_hsk1_1449;;0;0
1450;驾;jià;w_hsk1_1450;;0;0
1451;柔;róu;w_hsk1_1451;;0;0
1452;腐;fǔ;w_hsk1_1452;;0;0
1453;幼;yòu;w_hsk1_1453;;0;0
1454;践;jiàn;w_hsk1_1454;;0;0
1455;浓;nóng;w_hsk1_1455;;0;0
1456;竹;zhú;w_hsk1_1456;;0;0
1457;逻;luó;w_hsk1_1457;;0;0
1458;遵;zūn;w_hsk1_1458;;0;0
1459;饰;shì;w_hsk1_1459;;0;0
1460;贷;dài;w_hsk1_1460;;0;0
1461;叙;xù;w_hsk1_1461;;0;0
1462;沟;gōu;w_hsk1_1462;;0;0
1463;扶;fú;w_hsk1_1463;;0;0
1464;寿;shòu;w_hsk1_1464;;0;0
1465;询;xún;w_hsk1_1465;;0;0
1466;匆;cōng;w_hsk1_1466;;0;0
1467;奈;nài;w_hsk1_1467;;0;0
1468;慰;wèi;w_hsk1_1468;;0;0
1469;怨;yuàn;w_hsk1_1469;;0;0
1470;躲;duǒ;w_hsk1_1470;;0;0
1471;紫;zǐ;w_hsk1_1471;;0;0
1472;艰;jiān;w_hsk1_1472;;0;0
1473;慌;huāng;w_hsk1_1473;;0;0
1474;吐;tǔ;w_hsk1_1474;;0;0
1475;咬;yǎo;w_hsk1_1475;;0;0
1476;挤;jǐ;w_hsk1_1476;;0;0
1477;弯;wān;w_hsk1_1477;;0;0
1478;雾;wù;w_hsk1_1478;;0;0
1479;屈;qū;w_hsk1_1479;;0;0
1480;蛇;shé;w_hsk1_1480;;0;0
1481;鼠;shǔ;w_hsk1_1481;;0;0
1482;吨;dūn;w_hsk1_1482;;0;0
1483;池;chí;w_hsk1_1483;;0;0
1484;冠;guān;w_hsk1_1484;;0;0
1485;尘;chén;w_hsk1_1485;;0;0
1486;浅;qiǎn;w_hsk1_1486;;0;0
1487;喷;pēn;w_hsk1_1487;;0;0
1488;凌;líng;w_hsk1_1488;;0;0
1489;赔;péi;w_hsk1_1489;;0;0
1490;涂;tú;w_hsk1_1490;;0;0
1491;亏;kuī;w_hsk1_1491;;0;0
1492;寂;jì;w_hsk1_1492;;0;0
1493;煤;méi;w_hsk1_1493;;0;0
1494;恭;gōng;w_hsk1_1494;;0;0
1495;湿;shī;w_hsk1_1495;;0;0
1496;秩;zhì;w_hsk1_1496;;0;0
1497;宿;sù;w_hsk1_1497;;0;0
1498;烂;làn;w_hsk1_1498;;0;0
1499;抖;dǒu;w_hsk1_1499;;0;0
1500;夹;jiā;w_hsk1_1500;;0;0
1501;昆;kūn;w_hsk1_1501;;0;0
1502;猪;zhū;w_hsk1_1502;;0;0
1503;慎;shèn;w_hsk1_1503;;0;0
1504;玻;bō;w_hsk1_1504;;0;0
1505;齿;chǐ;w_hsk1_1505;;0;0
1506;押;yā;w_hsk1_1506;;0;0
1507;漠;mò;w_hsk1_1507;;0;0
1508;疲;pí;w_hsk1_1508;;0;0
1509;醉;zuì;w_hsk1_1509;;0;0
1510;拳;quán;w_hsk1_1510;;0;0
1511;斜;xié;w_hsk1_1511;;0;0
1512;档;dàng;w_hsk1_1512;;0;0
1513;豆;dòu;w_hsk1_1513;;0;0
1514;涨;zhǎng;w_hsk1_1514;;0;0
1515;拼;pīn;w_hsk1_1515;;0;0
1516;歇;xiē;w_hsk1_1516;;0;0
1517;桃;táo;w_hsk1_1517;;0;0
1518;嘉;jiā;w_hsk1_1518;;0;0
1519;俊;jùn;w_hsk1_1519;;0;0
1520;乙;yǐ;w_hsk1_1520;;0;0
1521;妨;fáng;w_hsk1_1521;;0;0
1522;挣;zhēng;w_hsk1_1522;;0;0
1523;览;lǎn;w_hsk1_1523;;0;0
1524;璃;lí;w_hsk1_1524;;0;0
1525;滴;dī;w_hsk1_1525;;0;0
1526;姿;zī;w_hsk1_1526;;0;0
1527;丑;chǒu;w_hsk1_1527;;0;0
1528;劣;liè;w_hsk1_1528;;0;0
1529;匹;pǐ;w_hsk1_1529;;0;0
1530;俱;jù;w_hsk1_1530;;0;0
1531;蜂;fēng;w_hsk1_1531;;0;0
1532;糟;zāo;w_hsk1_1532;;0;0
1533;谨;jǐn;w_hsk1_1533;;0;0
1534;苗;miáo;w_hsk1_1534;;0;0
1535;肠;cháng;w_hsk1_1535;;0;0
1536;挡;dǎng;w_hsk1_1536;;0;0
1537;纲;gāng;w_hsk1_1537;;0;0
1538;肌;jī;w_hsk1_1538;;0;0
1539;膀;bǎng;w_hsk1_1539;;0;0
1540;卧;wò;w_hsk1_1540;;0;0
1541;欠;qiàn;w_hsk1_1541;;0;0
1542;夸;kuā;w_hsk1_1542;;0;0
1543;豫;yù;w_hsk1_1543;;0;0
1544;胃;wèi;w_hsk1_1544;;0;0
1545;睁;zhēng;w_hsk1_1545;;0;0
1546;铃;líng;w_hsk1_1546;;0;0
1547;吻;wěn;w_hsk1_1547;;0;0
1548;脆;cuì;w_hsk1_1548;;0;0
1549;柴;chái;w_hsk1_1549;;0;0
1550;绳;shéng;w_hsk1_1550;;0;0
1551;眠;mián;w_hsk1_1551;;0;0
1552;傻;shǎ;w_hsk1_1552;;0;0
1553;扇;shàn;w_hsk1_1553;;0;0
1554;柜;guì;w_hsk1_1554;;0;0
1555;拦;lán;w_hsk1_1555;;0;0
1556;夕;xī;w_hsk1_1556;;0;0
1557;姻;yīn;w_hsk1_1557;;0;0
1558;氛;fēn;w_hsk1_1558;;0;0
1559;蜜;mì;w_hsk1_1559;;0;0
1560;摘;zhāi;w_hsk1_1560;;0;0
1561;披;pī;w_hsk1_1561;;0;0
1562;辅;fǔ;w_hsk1_1562;;0;0
1563;盆;pén;w_hsk1_1563;;0;0
1564;吵;chǎo;w_hsk1_1564;;0;0
1565;嗯;ń;w_hsk1_1565;;0;0
1566;骤;zhòu;w_hsk1_1566;;0;0
1567;漏;lòu;w_hsk1_1567;;0;0
1568;悠;yōu;w_hsk1_1568;;0;0
1569;滩;tān;w_hsk1_1569;;0;0
1570;嫁;jià;w_hsk1_1570;;0;0
1571;催;cuī;w_hsk1_1571;;0;0
1572;翅;chì;w_hsk1_1572;;0;0
1573;锅;guō;w_hsk1_1573;;0;0
1574;拆;chāi;w_hsk1_1574;;0;0
1575;棋;qí;w_hsk1_1575;;0;0
1576;唉;āi;w_hsk1_1576;;0;0
1577;孕;yùn;w_hsk1_1577;;0;0
1578;链;liàn;w_hsk1_1578;;0;0
1579;艳;yàn;w_hsk1_1579;;0;0
1580;臭;chòu;w_hsk1_1580;;0;0
1581;趁;chèn;w_hsk1_1581;;0;0
1582;愁;chóu;w_hsk1_1582;;0;0
1583;孝;xiào;w_hsk1_1583;;0;0
1584;冻;dòng;w_hsk1_1584;;0;0
1585;闯;chuǎng;w_hsk1_1585;;0;0
1586;宴;yàn;w_hsk1_1586;;0;0
1587;矩;jǔ;w_hsk1_1587;;0;0
1588;胶;jiāo;w_hsk1_1588;;0;0
1589;盼;pàn;w_hsk1_1589;;0;0
1590;脖;bó;w_hsk1_1590;;0;0
1591;虹;hóng;w_hsk1_1591;;0;0
1592;账;zhàng;w_hsk1_1592;;0;0
1593;倡;chàng;w_hsk1_1593;;0;0
1594;猴;hóu;w_hsk1_1594;;0;0
1595;寓;yù;w_hsk1_1595;;0;0
1596;狮;shī;w_hsk1_1596;;0;0
1597;抄;chāo;w_hsk1_1597;;0;0
1598;晕;yūn;w_hsk1_1598;;0;0
1599;砍;kǎn;w_hsk1_1599;;0;0
1600;剪;jiǎn;w_hsk1_1600;;0;0
1601;叉;chā;w_hsk1_1601;;0;0
1602;拐;guǎi;w_hsk1_1602;;0;0
1603;捐;juān;w_hsk1_1603;;0;0
1604;歪;wāi;w_hsk1_1604;;0;0
1605;粘;zhān;w_hsk1_1605;;0;0
1606;陌;mò;w_hsk1_1606;;0;0
1607;窄;zhǎi;w_hsk1_1607;;0;0
1608;鞭;biān;w_hsk1_1608;;0;0
1609;厘;lí;w_hsk1_1609;;0;0
1610;厦;shà;w_hsk1_1610;;0;0
1611;恳;kěn;w_hsk1_1611;;0;0
1612;憾;hàn;w_hsk1_1612;;0;0
1613;摔;shuāi;w_hsk1_1613;;0;0
1614;愧;kuì;w_hsk1_1614;;0;0
1615;洒;sǎ;w_hsk1_1615;;0;0
1616;哎;āi;w_hsk1_1616;;0;0
1617;钓;diào;w_hsk1_1617;;0;0
1618;蝶;dié;w_hsk1_1618;;0;0
1619;讽;fěng;w_hsk1_1619;;0;0
1620;旬;xún;w_hsk1_1620;;0;0
1621;撕;sī;w_hsk1_1621;;0;0
1622;谦;qiān;w_hsk1_1622;;0;0
1623;兔;tù;w_hsk1_1623;;0;0
1624;荐;jiàn;w_hsk1_1624;;0;0
1625;炭;tàn;w_hsk1_1625;;0;0
1626;舅;jiù;w_hsk1_1626;;0;0
1627;裹;guǒ;w_hsk1_1627;;0;0
1628;瞎;xiā;w_hsk1_1628;;0;0
1629;咨;zī;w_hsk1_1629;;0;0
1630;宠;chǒng;w_hsk1_1630;;0;0
1631;兑;duì;w_hsk1_1631;;0;0
1632;霉;méi;w_hsk1_1632;;0;0
1633;塘;táng;w_hsk1_1633;;0;0
1634;帘;lián;w_hsk1_1634;;0;0
1635;厢;xiāng;w_hsk1_1635;;0;0
1636;乖;guāi;w_hsk1_1636;;0;0
1637;娱;yú;w_hsk1_1637;;0;0
1638;娶;qǔ;w_hsk1_1638;;0;0
1639;嗓;sǎng;w_hsk1_1639;;0;0
1640;蹲;dūn;w_hsk1_1640;;0;0
1641;淘;táo;w_hsk1_1641;;0;0
1642;嫩;nèn;w_hsk1_1642;;0;0
1643;壶;hú;w_hsk1_1643;;0;0
1644;傍;bàng;w_hsk1_1644;;0;0
1645;勿;wù;w_hsk1_1645;;0;0
1646;踩;cǎi;w_hsk1_1646;;0;0
1647;煮;zhǔ;w_hsk1_1647;;0;0
1648;逗;dòu;w_hsk1_1648;;0;0
1649;炒;chǎo;w_hsk1_1649;;0;0
1650;寞;mò;w_hsk1_1650;;0;0
1651;甩;shuǎi;w_hsk1_1651;;0;0
1652;燥;zào;w_hsk1_1652;;0;0
1653;晒;shài;w_hsk1_1653;;0;0
1654;屿;yǔ;w_hsk1_1654;;0;0
1655;绸;chóu;w_hsk1_1655;;0;0
1656;痒;yǎng;w_hsk1_1656;;0;0
1657;耽;dān;w_hsk1_1657;;0;0
1658;魅;mèi;w_hsk1_1658;;0;0
1659;狡;jiǎo;w_hsk1_1659;;0;0
1660;匀;yún;w_hsk1_1660;;0;0
1661;熬;áo;w_hsk1_1661;;0;0
1662;毯;tǎn;w_hsk1_1662;;0;0
1663;梳;shū;w_hsk1_1663;;0;0
1664;蔬;shū;w_hsk1_1664;;0;0
1665;捡;jiǎn;w_hsk1_1665;;0;0
1666;删;shān;w_hsk1_1666;;0;0
1667;浏;liú;w_hsk1_1667;;0;0
1668;裔;yì;w_hsk1_1668;;0;0
1669;浇;jiāo;w_hsk1_1669;;0;0
1670;姥;lǎo;w_hsk1_1670;;0;0
1671;烫;tàng;w_hsk1_1671;;0;0
1672;惭;cán;w_hsk1_1672;;0;0
1673;蝴;hú;w_hsk1_1673;;0;0
1674;梨;lí;w_hsk1_1674;;0;0
1675;醋;cù;w_hsk1_1675;;0;0
1676;猾;huá;w_hsk1_1676;;0;0
1677;皂;zào;w_hsk1_1677;;0;0
1678;酱;jiàng;w_hsk1_1678;;0;0
1679;糙;cāo;w_hsk1_1679;;0;0
1680;屉;tì;w_hsk1_1680;;0;0
1681;髦;máo;w_hsk1_1681;;0;0
1682;椒;jiāo;w_hsk1_1682;;0;0
1683;桔;jú;w_hsk1_1683;;0;0
1684;馒;mán;w_hsk1_1684;;0;0
1685;嚏;tì;w_hsk1_1685;;0;0
1686;斯;sī;w_hsk1_1686;;0;0
1687;党;dǎng;w_hsk1_1687;;0;0
1688;陈;chén;w_hsk1_1688;;0;0
1689;攻;gōng;w_hsk1_1689;;0;0
1690;苏;sū;w_hsk1_1690;;0;0
1691;帝;dì;w_hsk1_1691;;0;0
1692;若;ruò;w_hsk1_1692;;0;0
1693;波;bō;w_hsk1_1693;;0;0
1694;异;yì;w_hsk1_1694;;0;0
1695;策;cè;w_hsk1_1695;;0;0
1696;罪;zuì;w_hsk1_1696;;0;0
1697;州;zhōu;w_hsk1_1697;;0;0
1698;宗;zōng;w_hsk1_1698;;0;0
1699;协;xié;w_hsk1_1699;;0;0
1700;审;shěn;w_hsk1_1700;;0;0
1701;皇;huáng;w_hsk1_1701;;0;0
1702;副;fù;w_hsk1_1702;;0;0
1703;抗;kàng;w_hsk1_1703;;0;0
1704;犯;fàn;w_hsk1_1704;;0;0
1705;田;tián;w_hsk1_1705;;0;0
1706;央;yāng;w_hsk1_1706;;0;0
1707;伯;bó;w_hsk1_1707;;0;0
1708;监;jiān;w_hsk1_1708;;0;0
1709;露;lù;w_hsk1_1709;;0;0
1710;野;yě;w_hsk1_1710;;0;0
1711;舰;jiàn;w_hsk1_1711;;0;0
1712;湾;wān;w_hsk1_1712;;0;0
1713;吉;jí;w_hsk1_1713;;0;0
1714;剑;jiàn;w_hsk1_1714;;0;0
1715;亦;yì;w_hsk1_1715;;0;0
1716;恩;ēn;w_hsk1_1716;;0;0
1717;鲁;lǔ;w_hsk1_1717;;0;0
1718;端;duān;w_hsk1_1718;;0;0
1719;探;tàn;w_hsk1_1719;;0;0
1720;湖;hú;w_hsk1_1720;;0;0
1721;予;yǔ;w_hsk1_1721;;0;0
1722;港;gǎng;w_hsk1_1722;;0;0
1723;额;é;w_hsk1_1723;;0;0
1724;督;dū;w_hsk1_1724;;0;0
1725;泽;zé;w_hsk1_1725;;0;0
1726;灭;miè;w_hsk1_1726;;0;0
1727;莫;mò;w_hsk1_1727;;0;0
1728;亡;wáng;w_hsk1_1728;;0;0
1729;圣;shèng;w_hsk1_1729;;0;0
1730;诺;nuò;w_hsk1_1730;;0;0
1731;伦;lún;w_hsk1_1731;;0;0
1732;奥;ào;w_hsk1_1732;;0;0
1733;唐;táng;w_hsk1_1733;;0;0
1734;堂;táng;w_hsk1_1734;;0;0
1735;宫;gōng;w_hsk1_1735;;0;0
1736;君;jūn;w_hsk1_1736;;0;0
1737;谋;móu;w_hsk1_1737;;0;0
1738;镇;zhèn;w_hsk1_1738;;0;0
1739;凡;fán;w_hsk1_1739;;0;0
1740;诸;zhū;w_hsk1_1740;;0;0
1741;庄;zhuāng;w_hsk1_1741;;0;0
1742;祖;zǔ;w_hsk1_1742;;0;0
1743;暴;bào;w_hsk1_1743;;0;0
1744;塔;tǎ;w_hsk1_1744;;0;0
1745;隐;yǐn;w_hsk1_1745;;0;0
1746;蒙;méng;w_hsk1_1746;;0;0
1747;欲;yù;w_hsk1_1747;;0;0
1748;遭;zāo;w_hsk1_1748;;0;0
1749;徒;tú;w_hsk1_1749;;0;0
1750;姆;mǔ;w_hsk1_1750;;0;0
1751;曲;qū;w_hsk1_1751;;0;0
1752;塞;sāi;w_hsk1_1752;;0;0
1753;侵;qīn;w_hsk1_1753;;0;0
1754;刑;xíng;w_hsk1_1754;;0;0
1755;谷;gǔ;w_hsk1_1755;;0;0
1756;川;chuān;w_hsk1_1756;;0;0
1757;潜;qián;w_hsk1_1757;;0;0
1758;抵;dǐ;w_hsk1_1758;;0;0
1759;杰;jié;w_hsk1_1759;;0;0
1760;郑;zhèng;w_hsk1_1760;;0;0
1761;混;hùn;w_hsk1_1761;;0;0
1762;臣;chén;w_hsk1_1762;;0;0
1763;雅;yǎ;w_hsk1_1763;;0;0
1764;盛;shèng;w_hsk1_1764;;0;0
1765;怒;nù;w_hsk1_1765;;0;0
1766;残;cán;w_hsk1_1766;;0;0
1767;宇;yǔ;w_hsk1_1767;;0;0
1768;猛;měng;w_hsk1_1768;;0;0
1769;毁;huǐ;w_hsk1_1769;;0;0
1770;盟;méng;w_hsk1_1770;;0;0
1771;丁;dīng;w_hsk1_1771;;0;0
1772;魔;mó;w_hsk1_1772;;0;0
1773;沿;yán;w_hsk1_1773;;0;0
1774;啦;la;w_hsk1_1774;;0;0
1775;瓦;wǎ;w_hsk1_1775;;0;0
1776;援;yuán;w_hsk1_1776;;0;0
1777;夺;duó;w_hsk1_1777;;0;0
1778;偏;piān;w_hsk1_1778;;0;0
1779;袭;xí;w_hsk1_1779;;0;0
1780;侠;xiá;w_hsk1_1780;;0;0
1781;侧;cè;w_hsk1_1781;;0;0
1782;债;zhài;w_hsk1_1782;;0;0
1783;融;róng;w_hsk1_1783;;0;0
1784;纵;zòng;w_hsk1_1784;;0;0
1785;障;zhàng;w_hsk1_1785;;0;0
1786;讯;xùn;w_hsk1_1786;;0;0
1787;涉;shè;w_hsk1_1787;;0;0
1788;刊;kān;w_hsk1_1788;;0;0
1789;爆;bào;w_hsk1_1789;;0;0
1790;乌;wū;w_hsk1_1790;;0;0
1791;役;yì;w_hsk1_1791;;0;0
1792;患;huàn;w_hsk1_1792;;0;0
1793;仙;xiān;w_hsk1_1793;;0;0
1794;症;zhèng;w_hsk1_1794;;0;0
1795;倾;qīng;w_hsk1_1795;;0;0
1796;陷;xiàn;w_hsk1_1796;;0;0
1797;轰;hōng;w_hsk1_1797;;0;0
1798;撤;chè;w_hsk1_1798;;0;0
1799;疾;jí;w_hsk1_1799;;0;0
1800;缘;yuán;w_hsk1_1800;;0;0
1801;杜;dù;w_hsk1_1801;;0;0
1802;仪;yí;w_hsk1_1802;;0;0
1803;奔;bēn;w_hsk1_1803;;0;0
1804;珠;zhū;w_hsk1_1804;;0;0
1805;驻;zhù;w_hsk1_1805;;0;0
1806;孔;kǒng;w_hsk1_1806;;0;0
1807;翼;yì;w_hsk1_1807;;0;0
1808;叹;tàn;w_hsk1_1808;;0;0
1809;愈;yù;w_hsk1_1809;;0;0
1810;罢;bà;w_hsk1_1810;;0;0
1811;径;jìng;w_hsk1_1811;;0;0
1812;恰;qià;w_hsk1_1812;;0;0
1813;捕;bǔ;w_hsk1_1813;;0;0
1814;裂;liè;w_hsk1_1814;;0;0
1815;泰;tài;w_hsk1_1815;;0;0
1816;尖;jiān;w_hsk1_1816;;0;0
1817;忠;zhōng;w_hsk1_1817;;0;0
1818;炎;yán;w_hsk1_1818;;0;0
1819;荒;huāng;w_hsk1_1819;;0;0
1820;横;héng;w_hsk1_1820;;0;0
1821;孤;gū;w_hsk1_1821;;0;0
1822;胞;bāo;w_hsk1_1822;;0;0
1823;魂;hún;w_hsk1_1823;;0;0
1824;洪;hóng;w_hsk1_1824;;0;0
1825;津;jīn;w_hsk1_1825;;0;0
1826;晓;xiǎo;w_hsk1_1826;;0;0
1827;仁;rén;w_hsk1_1827;;0;0
1828;贫;pín;w_hsk1_1828;;0;0
1829;赖;lài;w_hsk1_1829;;0;0
1830;仰;yǎng;w_hsk1_1830;;0;0
1831;艇;tǐng;w_hsk1_1831;;0;0
1832;凶;xiōng;w_hsk1_1832;;0;0
1833;署;shǔ;w_hsk1_1833;;0;0
1834;御;yù;w_hsk1_1834;;0;0
1835;奉;fèng;w_hsk1_1835;;0;0
1836;旋;xuán;w_hsk1_1836;;0;0
1837;晨;chén;w_hsk1_1837;;0;0
1838;伏;fú;w_hsk1_1838;;0;0
1839;隆;lóng;w_hsk1_1839;;0;0
1840;奴;nú;w_hsk1_1840;;0;0
1841;丧;sàng;w_hsk1_1841;;0;0
1842;渡;dù;w_hsk1_1842;;0;0
1843;旗;qí;w_hsk1_1843;;0;0
1844;甘;gān;w_hsk1_1844;;0;0
1845;扎;zhā;w_hsk1_1845;;0;0
1846;梁;liáng;w_hsk1_1846;;0;0
1847;皆;jiē;w_hsk1_1847;;0;0
1848;宙;zhòu;w_hsk1_1848;;0;0
1849;岩;yán;w_hsk1_1849;;0;0
1850;荡;dàng;w_hsk1_1850;;0;0
1851;蒂;dì;w_hsk1_1851;;0;0
1852;井;jǐng;w_hsk1_1852;;0;0
1853;壮;zhuàng;w_hsk1_1853;;0;0
1854;殖;zhí;w_hsk1_1854;;0;0
1855;霍;huò;w_hsk1_1855;;0;0
1856;撒;sā;w_hsk1_1856;;0;0
1857;液;yè;w_hsk1_1857;;0;0
1858;番;fān;w_hsk1_1858;;0;0
1859;郎;láng;w_hsk1_1859;;0;0
1860;忧;yōu;w_hsk1_1860;;0;0
1861;浮;fú;w_hsk1_1861;;0;0
1862;艘;sōu;w_hsk1_1862;;0;0
1863;伍;wǔ;w_hsk1_1863;;0;0
1864;峰;fēng;w_hsk1_1864;;0;0
1865;黎;lí;w_hsk1_1865;;0;0
1866;贯;guàn;w_hsk1_1866;;0;0
1867;侦;zhēn;w_hsk1_1867;;0;0
1868;券;quàn;w_hsk1_1868;;0;0
1869;崇;chóng;w_hsk1_1869;;0;0
1870;宪;xiàn;w_hsk1_1870;;0;0
1871;慈;cí;w_hsk1_1871;;0;0
1872;枝;zhī;w_hsk1_1872;;0;0
1873;拖;tuō;w_hsk1_1873;;0;0
1874;墨;mò;w_hsk1_1874;;0;0
1875;箭;jiàn;w_hsk1_1875;;0;0
1876;泥;ní;w_hsk1_1876;;0;0
1877;粉;fěn;w_hsk1_1877;;0;0
1878;氏;shì;w_hsk1_1878;;0;0
1879;拔;bá;w_hsk1_1879;;0;0
1880;愤;fèn;w_hsk1_1880;;0;0
1881;扑;pū;w_hsk1_1881;;0;0
1882;驱;qū;w_hsk1_1882;;0;0
1883;掩;yǎn;w_hsk1_1883;;0;0
1884;尸;shī;w_hsk1_1884;;0;0
1885;堡;bǎo;w_hsk1_1885;;0;0
1886;储;chǔ;w_hsk1_1886;;0;0
1887;桑;sāng;w_hsk1_1887;;0;0
1888;惨;cǎn;w_hsk1_1888;;0;0
1889;洁;jié;w_hsk1_1889;;0;0
1890;踪;zōng;w_hsk1_1890;;0;0
1891;勃;bó;w_hsk1_1891;;0;0
1892;仇;chóu;w_hsk1_1892;;0;0
1893;磨;mó;w_hsk1_1893;;0;0
1894;拟;nǐ;w_hsk1_1894;;0;0
1895;奏;zòu;w_hsk1_1895;;0;0
1896;巡;xún;w_hsk1_1896;;0;0
1897;剂;jì;w_hsk1_1897;;0;0
1898;坡;pō;w_hsk1_1898;;0;0
1899;截;jié;w_hsk1_1899;;0;0
1900;焦;jiāo;w_hsk1_1900;;0;0
1901;殿;diàn;w_hsk1_1901;;0;0
1902;伪;wěi;w_hsk1_1902;;0;0
1903;逼;bī;w_hsk1_1903;;0;0
1904;颇;pō;w_hsk1_1904;;0;0
1905;昏;hūn;w_hsk1_1905;;0;0
1906;呈;chéng;w_hsk1_1906;;0;0
1907;牧;mù;w_hsk1_1907;;0;0
1908;牲;shēng;w_hsk1_1908;;0;0
1909;佳;jiā;w_hsk1_1909;;0;0
1910;稿;gǎo;w_hsk1_1910;;0;0
1911;腹;fù;w_hsk1_1911;;0;0
1912;跌;diē;w_hsk1_1912;;0;0
1913;垂;chuí;w_hsk1_1913;;0;0
1914;脉;mài;w_hsk1_1914;;0;0
1915;狱;yù;w_hsk1_1915;;0;0
1916;惑;huò;w_hsk1_1916;;0;0
1917;陶;táo;w_hsk1_1917;;0;0
1918;兽;shòu;w_hsk1_1918;;0;0
1919;帐;zhàng;w_hsk1_1919;;0;0
1920;昌;chāng;w_hsk1_1920;;0;0
1921;铺;pù;w_hsk1_1921;;0;0
1922;惧;jù;w_hsk1_1922;;0;0
1923;盗;dào;w_hsk1_1923;;0;0
1924;辉;huī;w_hsk1_1924;;0;0
1925;扣;kòu;w_hsk1_1925;;0;0
1926;嘛;ma;w_hsk1_1926;;0;0
1927;董;dǒng;w_hsk1_1927;;0;0
1928;迁;qiān;w_hsk1_1928;;0;0
1929;凝;níng;w_hsk1_1929;;0;0
1930;腾;téng;w_hsk1_1930;;0;0
1931;埋;mái;w_hsk1_1931;;0;0
1932;涌;yǒng;w_hsk1_1932;;0;0
1933;辖;xiá;w_hsk1_1933;;0;0
1934;晋;jìn;w_hsk1_1934;;0;0
1935;狠;hěn;w_hsk1_1935;;0;0
1936;鉴;jiàn;w_hsk1_1936;;0;0
1937;械;xiè;w_hsk1_1937;;0;0
1938;赤;chì;w_hsk1_1938;;0;0
1939;割;gē;w_hsk1_1939;;0;0
1940;揭;jiē;w_hsk1_1940;;0;0
1941;悟;wù;w_hsk1_1941;;0;0
1942;锋;fēng;w_hsk1_1942;;0;0
1943;祥;xiáng;w_hsk1_1943;;0;0
1944;阔;kuò;w_hsk1_1944;;0;0
1945;誉;yù;w_hsk1_1945;;0;0
1946;筹;chóu;w_hsk1_1946;;0;0
1947;丛;cóng;w_hsk1_1947;;0;0
1948;牵;qiān;w_hsk1_1948;;0;0
1949;鸣;míng;w_hsk1_1949;;0;0
1950;旨;zhǐ;w_hsk1_1950;;0;0
1951;袖;xiù;w_hsk1_1951;;0;0
1952;猎;liè;w_hsk1_1952;;0;0
1953;臂;bì;w_hsk1_1953;;0;0
1954;柱;zhù;w_hsk1_1954;;0;0
1955;抛;pāo;w_hsk1_1955;;0;0
1956;牢;láo;w_hsk1_1956;;0;0
1957;逊;xùn;w_hsk1_1957;;0;0
1958;迈;mài;w_hsk1_1958;;0;0
1959;欺;qī;w_hsk1_1959;;0;0
1960;衰;shuāi;w_hsk1_1960;;0;0
1961;诱;yòu;w_hsk1_1961;;0;0
1962;狼;láng;w_hsk1_1962;;0;0
1963;仗;zhàng;w_hsk1_1963;;0;0
1964;粒;lì;w_hsk1_1964;;0;0
1965;遥;yáo;w_hsk1_1965;;0;0
1966;抚;fǔ;w_hsk1_1966;;0;0
1967;纠;jiū;w_hsk1_1967;;0;0
1968;钻;zuān;w_hsk1_1968;;0;0
1969;晶;jīng;w_hsk1_1969;;0;0
1970;岂;qǐ;w_hsk1_1970;;0;0
1971;峡;xiá;w_hsk1_1971;;0;0
1972;苍;cāng;w_hsk1_1972;;0;0
1973;耗;hào;w_hsk1_1973;;0;0
1974;菌;jūn;w_hsk1_1974;;0;0
1975;粹;cuì;w_hsk1_1975;;0;0
1976;扁;biǎn;w_hsk1_1976;;0;0
1977;循;xún;w_hsk1_1977;;0;0
1978;赋;fù;w_hsk1_1978;;0;0
1979;抑;yì;w_hsk1_1979;;0;0
1980;哀;āi;w_hsk1_1980;;0;0
1981;踏;tà;w_hsk1_1981;;0;0
1982;恒;héng;w_hsk1_1982;;0;0
1983;纽;niǔ;w_hsk1_1983;;0;0
1984;纹;wén;w_hsk1_1984;;0;0
1985;渔;yú;w_hsk1_1985;;0;0
1986;磁;cí;w_hsk1_1986;;0;0
1987;铜;tóng;w_hsk1_1987;;0;0
1988;跨;kuà;w_hsk1_1988;;0;0
1989;怖;bù;w_hsk1_1989;;0;0
1990;叛;pàn;w_hsk1_1990;;0;0
1991;遣;qiǎn;w_hsk1_1991;;0;0
1992;弥;mí;w_hsk1_1992;;0;0
1993;稀;xī;w_hsk1_1993;;0;0
1994;捷;jié;w_hsk1_1994;;0;0
1995;疫;yì;w_hsk1_1995;;0;0
1996;肿;zhǒng;w_hsk1_1996;;0;0
1997;削;xuē;w_hsk1_1997;;0;0
1998;岗;gǎng;w_hsk1_1998;;0;0
1999;晃;huǎng;w_hsk1_1999;;0;0
2000;吞;tūn;w_hsk1_2000;;0;0
2001;宏;hóng;w_hsk1_2001;;0;0
2002;癌;ái;w_hsk1_2002;;0;0
2003;隶;lì;w_hsk1_2003;;0;0
2004;履;lǚ;w_hsk1_2004;;0;0
2005;耀;yào;w_hsk1_2005;;0;0
2006;扭;niǔ;w_hsk1_2006;;0;0
2007;坛;tán;w_hsk1_2007;;0;0
2008;拨;bō;w_hsk1_2008;;0;0
2009;沃;wò;w_hsk1_2009;;0;0
2010;绘;huì;w_hsk1_2010;;0;0
2011;伐;fá;w_hsk1_2011;;0;0
2012;堪;kān;w_hsk1_2012;;0;0
2013;牺;xī;w_hsk1_2013;;0;0
2014;墓;mù;w_hsk1_2014;;0;0
2015;雇;gù;w_hsk1_2015;;0;0
2016;廉;lián;w_hsk1_2016;;0;0
2017;惩;chéng;w_hsk1_2017;;0;0
2018;捉;zhuō;w_hsk1_2018;;0;0
2019;覆;fù;w_hsk1_2019;;0;0
2020;劫;jié;w_hsk1_2020;;0;0
2021;嫌;xián;w_hsk1_2021;;0;0
2022;雕;diāo;w_hsk1_2022;;0;0
2023;闷;mèn;w_hsk1_2023;;0;0
2024;乳;rǔ;w_hsk1_2024;;0;0
2025;串;chuàn;w_hsk1_2025;;0;0
2026;娃;wá;w_hsk1_2026;;0;0
2027;缴;jiǎo;w_hsk1_2027;;0;0
2028;唤;huàn;w_hsk1_2028;;0;0
2029;霸;bà;w_hsk1_2029;;0;0
2030;妥;tuǒ;w_hsk1_2030;;0;0
2031;搭;dā;w_hsk1_2031;;0;0
2032;赴;fù;w_hsk1_2032;;0;0
2033;岳;yuè;w_hsk1_2033;;0;0
2034;舱;cāng;w_hsk1_2034;;0;0
2035;庞;páng;w_hsk1_2035;;0;0
2036;耕;gēng;w_hsk1_2036;;0;0
2037;锐;ruì;w_hsk1_2037;;0;0
2038;缝;fèng;w_hsk1_2038;;0;0
2039;宅;zhái;w_hsk1_2039;;0;0
2040;斥;chì;w_hsk1_2040;;0;0
2041;添;tiān;w_hsk1_2041;;0;0
2042;挖;wā;w_hsk1_2042;;0;0
2043;呵;ā;w_hsk1_2043;;0;0
2044;讼;sòng;w_hsk1_2044;;0;0
2045;氧;yǎng;w_hsk1_2045;;0;0
2046;酷;kù;w_hsk1_2046;;0;0
2047;掠;lüè;w_hsk1_2047;;0;0
2048;祸;huò;w_hsk1_2048;;0;0
2049;贪;tān;w_hsk1_2049;;0;0
2050;悬;xuán;w_hsk1_2050;;0;0
2051;唇;chún;w_hsk1_2051;;0;0
2052;仓;cāng;w_hsk1_2052;;0;0
2053;轨;guǐ;w_hsk1_2053;;0;0
2054;枚;méi;w_hsk1_2054;;0;0
2055;庙;miào;w_hsk1_2055;;0;0
2056;屏;píng;w_hsk1_2056;;0;0
2057;寺;sì;w_hsk1_2057;;0;0
2058;愚;yú;w_hsk1_2058;;0;0
2059;疏;shū;w_hsk1_2059;;0;0
2060;颤;chàn;w_hsk1_2060;;0;0
2061;寸;cùn;w_hsk1_2061;;0;0
2062;盯;dīng;w_hsk1_2062;;0;0
2063;辱;rǔ;w_hsk1_2063;;0;0
2064;辨;biàn;w_hsk1_2064;;0;0
2065;哦;ó;w_hsk1_2065;;0;0
2066;腔;qiāng;w_hsk1_2066;;0;0
2067;郁;yù;w_hsk1_2067;;0;0
2068;溃;kuì;w_hsk1_2068;;0;0
2069;忌;jì;w_hsk1_2069;;0;0
2070;溜;liū;w_hsk1_2070;;0;0
2071;笼;lóng;w_hsk1_2071;;0;0
2072;丘;qiū;w_hsk1_2072;;0;0
2073;滋;zī;w_hsk1_2073;;0;0
2074;壳;ké;w_hsk1_2074;;0;0
2075;痕;hén;w_hsk1_2075;;0;0
2076;穴;xué;w_hsk1_2076;;0;0
2077;卓;zhuō;w_hsk1_2077;;0;0
2078;贤;xián;w_hsk1_2078;;0;0
2079;膜;mó;w_hsk1_2079;;0;0
2080;毅;yì;w_hsk1_2080;;0;0
2081;锦;jǐn;w_hsk1_2081;;0;0
2082;茫;máng;w_hsk1_2082;;0;0
2083;昂;áng;w_hsk1_2083;;0;0
2084;皱;zhòu;w_hsk1_2084;;0;0
2085;舌;shé;w_hsk1_2085;;0;0
2086;剥;bō;w_hsk1_2086;;0;0
2087;窝;wō;w_hsk1_2087;;0;0
2088;携;xié;w_hsk1_2088;;0;0
2089;陵;líng;w_hsk1_2089;;0;0
2090;哼;hēng;w_hsk1_2090;;0;0
2091;棉;mián;w_hsk1_2091;;0;0
2092;饲;sì;w_hsk1_2092;;0;0
2093;逆;nì;w_hsk1_2093;;0;0
2094;喘;chuǎn;w_hsk1_2094;;0;0
2095;罩;zhào;w_hsk1_2095;;0;0
2096;炉;lú;w_hsk1_2096;;0;0
2097;胎;tāi;w_hsk1_2097;;0;0
2098;蓄;xù;w_hsk1_2098;;0;0
2099;竭;jié;w_hsk1_2099;;0;0
2100;浑;hún;w_hsk1_2100;;0;0
2101;悦;yuè;w_hsk1_2101;;0;0
2102;诞;dàn;w_hsk1_2102;;0;0
2103;泡;pào;w_hsk1_2103;;0;0
2104;贼;zéi;w_hsk1_2104;;0;0
2105;亭;tíng;w_hsk1_2105;;0;0
2106;酬;chóu;w_hsk1_2106;;0;0
2107;儒;rú;w_hsk1_2107;;0;0
2108;泄;xiè;w_hsk1_2108;;0;0
2109;杆;gān;w_hsk1_2109;;0;0
2110;挨;āi;w_hsk1_2110;;0;0
2111;吟;yín;w_hsk1_2111;;0;0
2112;狭;xiá;w_hsk1_2112;;0;0
2113;肖;xiào;w_hsk1_2113;;0;0
2114;霞;xiá;w_hsk1_2114;;0;0
2115;驳;bó;w_hsk1_2115;;0;0
2116;裕;yù;w_hsk1_2116;;0;0
2117;顽;wán;w_hsk1_2117;;0;0
2118;畜;chù;w_hsk1_2118;;0;0
2119;咽;yàn;w_hsk1_2119;;0;0
2120;勾;gōu;w_hsk1_2120;;0;0
2121;疆;jiāng;w_hsk1_2121;;0;0
2122;赌;dǔ;w_hsk1_2122;;0;0
2123;畏;wèi;w_hsk1_2123;;0;0
2124;泊;pō;w_hsk1_2124;;0;0
2125;肺;fèi;w_hsk1_2125;;0;0
2126;缠;chán;w_hsk1_2126;;0;0
2127;瞪;dèng;w_hsk1_2127;;0;0
2128;吊;diào;w_hsk1_2128;;0;0
2129;斑;bān;w_hsk1_2129;;0;0
2130;涛;tāo;w_hsk1_2130;;0;0
2131;俘;fú;w_hsk1_2131;;0;0
2132;卑;bēi;w_hsk1_2132;;0;0
2133;葬;zàng;w_hsk1_2133;;0;0
2134;铭;míng;w_hsk1_2134;;0;0
2135;蛮;mán;w_hsk1_2135;;0;0
2136;歧;qí;w_hsk1_2136;;0;0
2137;廊;láng;w_hsk1_2137;;0;0
2138;灌;guàn;w_hsk1_2138;;0;0
2139;勉;miǎn;w_hsk1_2139;;0;0
2140;盲;máng;w_hsk1_2140;;0;0
2141;宰;zǎi;w_hsk1_2141;;0;0
2142;啥;shà;w_hsk1_2142;;0;0
2143;胀;zhàng;w_hsk1_2143;;0;0
2144;扯;chě;w_hsk1_2144;;0;0
2145;辽;liáo;w_hsk1_2145;;0;0
2146;抹;mǒ;w_hsk1_2146;;0;0
2147;筒;tǒng;w_hsk1_2147;;0;0
2148;朴;pǔ;w_hsk1_2148;;0;0
2149;咐;fù;w_hsk1_2149;;0;0
2150;誓;shì;w_hsk1_2150;;0;0
2151;喉;hóu;w_hsk1_2151;;0;0
2152;妄;wàng;w_hsk1_2152;;0;0
2153;拘;jū;w_hsk1_2153;;0;0
2154;驰;chí;w_hsk1_2154;;0;0
2155;栏;lán;w_hsk1_2155;;0;0
2156;逝;shì;w_hsk1_2156;;0;0
2157;窃;qiè;w_hsk1_2157;;0;0
2158;纤;xiān;w_hsk1_2158;;0;0
2159;盈;yíng;w_hsk1_2159;;0;0
2160;瞬;shùn;w_hsk1_2160;;0;0
2161;婴;yīng;w_hsk1_2161;;0;0
2162;颈;jǐng;w_hsk1_2162;;0;0
2163;倘;tǎng;w_hsk1_2163;;0;0
2164;蔽;bì;w_hsk1_2164;;0;0
2165;畅;chàng;w_hsk1_2165;;0;0
2166;赠;zèng;w_hsk1_2166;;0;0
2167;跪;guì;w_hsk1_2167;;0;0
2168;颠;diān;w_hsk1_2168;;0;0
2169;遮;zhē;w_hsk1_2169;;0;0
2170;吁;xū;w_hsk1_2170;;0;0
2171;辟;pì;w_hsk1_2171;;0;0
2172;瘤;liú;w_hsk1_2172;;0;0
2173;嫂;sǎo;w_hsk1_2173;;0;0
2174;框;kuāng;w_hsk1_2174;;0;0
2175;钦;qīn;w_hsk1_2175;;0;0
2176;庸;yōng;w_hsk1_2176;;0;0
2177;吼;hǒu;w_hsk1_2177;;0;0
2178;摊;tān;w_hsk1_2178;;0;0
2179;嘱;zhǔ;w_hsk1_2179;;0;0
2180;衷;zhōng;w_hsk1_2180;;0;0
2181;娇;jiāo;w_hsk1_2181;;0;0
2182;讶;yà;w_hsk1_2182;;0;0
2183;耸;sǒng;w_hsk1_2183;;0;0
2184;摧;cuī;w_hsk1_2184;;0;0
2185;薪;xīn;w_hsk1_2185;;0;0
2186;淋;lín;w_hsk1_2186;;0;0
2187;耻;chǐ;w_hsk1_2187;;0;0
2188;饥;jī;w_hsk1_2188;;0;0
2189;崩;bēng;w_hsk1_2189;;0;0
2190;逢;féng;w_hsk1_2190;;0;0
2191;撑;chēng;w_hsk1_2191;;0;0
2192;翔;xiáng;w_hsk1_2192;;0;0
2193;枯;kū;w_hsk1_2193;;0;0
2194;凑;còu;w_hsk1_2194;;0;0
2195;溪;xī;w_hsk1_2195;;0;0
2196;蠢;chǔn;w_hsk1_2196;;0;0
2197;阐;chǎn;w_hsk1_2197;;0;0
2198;旺;wàng;w_hsk1_2198;;0;0
2199;碑;bēi;w_hsk1_2199;;0;0
2200;挪;nuó;w_hsk1_2200;;0;0
2201;脂;zhī;w_hsk1_2201;;0;0
2202;谎;huǎng;w_hsk1_2202;;0;0
2203;慨;kǎi;w_hsk1_2203;;0;0
2204;掘;jué;w_hsk1_2204;;0;0
2205;逮;dǎi;w_hsk1_2205;;0;0
2206;掏;tāo;w_hsk1_2206;;0;0
2207;晰;xī;w_hsk1_2207;;0;0
2208;罕;hǎn;w_hsk1_2208;;0;0
2209;挽;wǎn;w_hsk1_2209;;0;0
2210;舟;zhōu;w_hsk1_2210;;0;0
2211;骚;sāo;w_hsk1_2211;;0;0
2212;拓;tà;w_hsk1_2212;;0;0
2213;坑;kēng;w_hsk1_2213;;0;0
2214;兆;zhào;w_hsk1_2214;;0;0
2215;崖;yá;w_hsk1_2215;;0;0
2216;刹;shā;w_hsk1_2216;;0;0
2217;芒;máng;w_hsk1_2217;;0;0
2218;筋;jīn;w_hsk1_2218;;0;0
2219;棍;gùn;w_hsk1_2219;;0;0
2220;钩;gōu;w_hsk1_2220;;0;0
2221;嚷;rǎng;w_hsk1_2221;;0;0
2222;弦;xián;w_hsk1_2222;;0;0
2223;焰;yàn;w_hsk1_2223;;0;0
2224;耍;shuǎ;w_hsk1_2224;;0;0
2225;俯;fǔ;w_hsk1_2225;;0;0
2226;愣;lèng;w_hsk1_2226;;0;0
2227;饶;ráo;w_hsk1_2227;;0;0
2228;钉;dīng;w_hsk1_2228;;0;0
2229;叠;dié;w_hsk1_2229;;0;0
2230;惹;rě;w_hsk1_2230;;0;0
2231;喻;yù;w_hsk1_2231;;0;0
2232;谱;pǔ;w_hsk1_2232;;0;0
2233;煌;huáng;w_hsk1_2233;;0;0
2234;溶;róng;w_hsk1_2234;;0;0
2235;坠;zhuì;w_hsk1_2235;;0;0
2236;滥;làn;w_hsk1_2236;;0;0
2237;瓷;cí;w_hsk1_2237;;0;0
2238;浴;yù;w_hsk1_2238;;0;0
2239;屁;pì;w_hsk1_2239;;0;0
2240;漆;qī;w_hsk1_2240;;0;0
2241;巢;cháo;w_hsk1_2241;;0;0
2242;吩;fēn;w_hsk1_2242;;0;0
2243;啸;xiào;w_hsk1_2243;;0;0
2244;滞;zhì;w_hsk1_2244;;0;0
2245;膝;xī;w_hsk1_2245;;0;0
2246;茂;mào;w_hsk1_2246;;0;0
2247;恕;shù;w_hsk1_2247;;0;0
2248;渠;qú;w_hsk1_2248;;0;0
2249;辰;chén;w_hsk1_2249;;0;0
2250;舶;bó;w_hsk1_2250;;0;0
2251;颁;bān;w_hsk1_2251;;0;0
2252;袍;páo;w_hsk1_2252;;0;0
2253;嘲;cháo;w_hsk1_2253;;0;0
2254;衔;xián;w_hsk1_2254;;0;0
2255;倦;juàn;w_hsk1_2255;;0;0
2256;涵;hán;w_hsk1_2256;;0;0
2257;雀;què;w_hsk1_2257;;0;0
2258;僵;jiāng;w_hsk1_2258;;0;0
2259;肢;zhī;w_hsk1_2259;;0;0
2260;垄;lǒng;w_hsk1_2260;;0;0
2261;侨;qiáo;w_hsk1_2261;;0;0
2262;舆;yú;w_hsk1_2262;;0;0
2263;弊;bì;w_hsk1_2263;;0;0
2264;凄;qī;w_hsk1_2264;;0;0
2265;捧;pěng;w_hsk1_2265;;0;0
2266;浸;jìn;w_hsk1_2266;;0;0
2267;砖;zhuān;w_hsk1_2267;;0;0
2268;蒸;zhēng;w_hsk1_2268;;0;0
2269;陡;dǒu;w_hsk1_2269;;0;0
2270;哑;yǎ;w_hsk1_2270;;0;0
2271;坟;fén;w_hsk1_2271;;0;0
2272;眨;zhǎ;w_hsk1_2272;;0;0
2273;搏;bó;w_hsk1_2273;;0;0
2274;拢;lǒng;w_hsk1_2274;;0;0
2275;昧;mèi;w_hsk1_2275;;0;0
2276;擅;shàn;w_hsk1_2276;;0;0
2277;爽;shuǎng;w_hsk1_2277;;0;0
2278;搁;gē;w_hsk1_2278;;0;0
2279;雌;cí;w_hsk1_2279;;0;0
2280;哨;shào;w_hsk1_2280;;0;0
2281;巩;gǒng;w_hsk1_2281;;0;0
2282;昔;xī;w_hsk1_2282;;0;0
2283;谬;miù;w_hsk1_2283;;0;0
2284;谍;dié;w_hsk1_2284;;0;0
2285;媳;xí;w_hsk1_2285;;0;0
2286;冤;yuān;w_hsk1_2286;;0;0
2287;鸦;yā;w_hsk1_2287;;0;0
2288;蓬;péng;w_hsk1_2288;;0;0
2289;巷;xiàng;w_hsk1_2289;;0;0
2290;栽;zāi;w_hsk1_2290;;0;0
2291;沾;zhān;w_hsk1_2291;;0;0
2292;诈;zhà;w_hsk1_2292;;0;0
2293;瞒;mán;w_hsk1_2293;;0;0
2294;纺;fǎng;w_hsk1_2294;;0;0
2295;罐;guàn;w_hsk1_2295;;0;0
2296;壤;rǎng;w_hsk1_2296;;0;0
2297;颂;sòng;w_hsk1_2297;;0;0
2298;膨;péng;w_hsk1_2298;;0;0
2299;谐;xié;w_hsk1_2299;;0;0
2300;隙;xì;w_hsk1_2300;;0;0
2301;绑;bǎng;w_hsk1_2301;;0;0
2302;嘿;hēi;w_hsk1_2302;;0;0
2303;挫;cuò;w_hsk1_2303;;0;0
2304;辐;fú;w_hsk1_2304;;0;0
2305;乞;qǐ;w_hsk1_2305;;0;0
2306;哇;wa;w_hsk1_2306;;0;0
2307;绣;xiù;w_hsk1_2307;;0;0
2308;杖;zhàng;w_hsk1_2308;;0;0
2309;衍;yǎn;w_hsk1_2309;;0;0
2310;攀;pān;w_hsk1_2310;;0;0
2311;譬;pì;w_hsk1_2311;;0;0
2312;肆;sì;w_hsk1_2312;;0;0
2313;泣;qì;w_hsk1_2313;;0;0
2314;屡;lǚ;w_hsk1_2314;;0;0
2315;躁;zào;w_hsk1_2315;;0;0
2316;椎;chuí;w_hsk1_2316;;0;0
2317;砸;zá;w_hsk1_2317;;0;0
2318;帆;fān;w_hsk1_2318;;0;0
2319;窜;cuàn;w_hsk1_2319;;0;0
2320;丸;wán;w_hsk1_2320;;0;0
2321;斩;zhǎn;w_hsk1_2321;;0;0
2322;堤;dī;w_hsk1_2322;;0;0
2323;塌;tā;w_hsk1_2323;;0;0
2324;贩;fàn;w_hsk1_2324;;0;0
2325;掀;xiān;w_hsk1_2325;;0;0
2326;谜;mí;w_hsk1_2326;;0;0
2327;捏;niē;w_hsk1_2327;;0;0
2328;滨;bīn;w_hsk1_2328;;0;0
2329;虏;lǔ;w_hsk1_2329;;0;0
2330;卸;xiè;w_hsk1_2330;;0;0
2331;沼;zhǎo;w_hsk1_2331;;0;0
2332;株;zhū;w_hsk1_2332;;0;0
2333;剖;pōu;w_hsk1_2333;;0;0
2334;劈;pī;w_hsk1_2334;;0;0
2335;哗;huā;w_hsk1_2335;;0;0
2336;怯;qiè;w_hsk1_2336;;0;0
2337;沫;mò;w_hsk1_2337;;0;0
2338;竖;shù;w_hsk1_2338;;0;0
2339;峻;jùn;w_hsk1_2339;;0;0
2340;捞;lāo;w_hsk1_2340;;0;0
2341;鄙;bǐ;w_hsk1_2341;;0;0
2342;魄;pò;w_hsk1_2342;;0;0
2343;兜;dōu;w_hsk1_2343;;0;0
2344;哄;hōng;w_hsk1_2344;;0;0
2345;颖;yǐng;w_hsk1_2345;;0;0
2346;屑;xiè;w_hsk1_2346;;0;0
2347;蚁;yǐ;w_hsk1_2347;;0;0
2348;渗;shèn;w_hsk1_2348;;0;0
2349;秃;tū;w_hsk1_2349;;0;0
2350;旱;hàn;w_hsk1_2350;;0;0
2351;谴;qiǎn;w_hsk1_2351;;0;0
2352;稻;dào;w_hsk1_2352;;0;0
2353;铸;zhù;w_hsk1_2353;;0;0
2354;恍;huǎng;w_hsk1_2354;;0;0
2355;贬;biǎn;w_hsk1_2355;;0;0
2356;烛;zhú;w_hsk1_2356;;0;0
2357;朽;xiǔ;w_hsk1_2357;;0;0
2358;佣;yōng;w_hsk1_2358;;0;0
2359;碌;lù;w_hsk1_2359;;0;0
2360;迄;qì;w_hsk1_2360;;0;0
2361;绅;shēn;w_hsk1_2361;;0;0
2362;榜;bǎng;w_hsk1_2362;;0;0
2363;诵;sòng;w_hsk1_2363;;0;0
2364;禽;qín;w_hsk1_2364;;0;0
2365;瞄;miáo;w_hsk1_2365;;0;0
2366;幢;chuáng;w_hsk1_2366;;0;0
2367;睹;dǔ;w_hsk1_2367;;0;0
2368;贿;huì;w_hsk1_2368;;0;0
2369;蔑;miè;w_hsk1_2369;;0;0
2370;缚;fù;w_hsk1_2370;;0;0
2371;淹;yān;w_hsk1_2371;;0;0
2372;篷;péng;w_hsk1_2372;;0;0
2373;勘;kān;w_hsk1_2373;;0;0
2374;灿;càn;w_hsk1_2374;;0;0
2375;敞;chǎng;w_hsk1_2375;;0;0
2376;蜡;là;w_hsk1_2376;;0;0
2377;辜;gū;w_hsk1_2377;;0;0
2378;垫;diàn;w_hsk1_2378;;0;0
2379;妒;dù;w_hsk1_2379;;0;0
2380;谣;yáo;w_hsk1_2380;;0;0
2381;枕;zhěn;w_hsk1_2381;;0;0
2382;丐;gài;w_hsk1_2382;;0;0
2383;泌;mì;w_hsk1_2383;;0;0
2384;叮;dīng;w_hsk1_2384;;0;0
2385;掷;zhì;w_hsk1_2385;;0;0
2386;侮;wǔ;w_hsk1_2386;;0;0
2387;蚀;shí;w_hsk1_2387;;0;0
2388;霜;shuāng;w_hsk1_2388;;0;0
2389;蕴;yùn;w_hsk1_2389;;0;0
2390;妆;zhuāng;w_hsk1_2390;;0;0
2391;捆;kǔn;w_hsk1_2391;;0;0
2392;丙;bǐng;w_hsk1_2392;;0;0
2393;钞;chāo;w_hsk1_2393;;0;0
2394;犬;quǎn;w_hsk1_2394;;0;0
2395;躬;gōng;w_hsk1_2395;;0;0
2396;昼;zhòu;w_hsk1_2396;;0;0
2397;奠;diàn;w_hsk1_2397;;0;0
2398;蹈;dǎo;w_hsk1_2398;;0;0
2399;陋;lòu;w_hsk1_2399;;0;0
2400;侣;lǚ;w_hsk1_2400;;0;0
2401;侄;zhí;w_hsk1_2401;;0;0
2402;虐;nüè;w_hsk1_2402;;0;0
2403;堕;duò;w_hsk1_2403;;0;0
2404;茎;jīng;w_hsk1_2404;;0;0
2405;喇;lǎ;w_hsk1_2405;;0;0
2406;绒;róng;w_hsk1_2406;;0;0
2407;搅;jiǎo;w_hsk1_2407;;0;0
2408;缔;dì;w_hsk1_2408;;0;0
2409;嫉;jí;w_hsk1_2409;;0;0
2410;灶;zào;w_hsk1_2410;;0;0
2411;鸽;gē;w_hsk1_2411;;0;0
2412;纬;wěi;w_hsk1_2412;;0;0
2413;沸;fèi;w_hsk1_2413;;0;0
2414;畴;chóu;w_hsk1_2414;;0;0
2415;遏;è;w_hsk1_2415;;0;0
2416;烁;shuò;w_hsk1_2416;;0;0
2417;嗅;xiù;w_hsk1_2417;;0;0
2418;叭;bā;w_hsk1_2418;;0;0
2419;奢;shē;w_hsk1_2419;;0;0
2420;拙;zhuō;w_hsk1_2420;;0;0
2421;栋;dòng;w_hsk1_2421;;0;0
2422;泻;xiè;w_hsk1_2422;;0;0
2423;晤;wù;w_hsk1_2423;;0;0
2424;稚;zhì;w_hsk1_2424;;0;0
2425;捣;dǎo;w_hsk1_2425;;0;0
2426;尴;gān;w_hsk1_2426;;0;0
2427;尬;gà;w_hsk1_2427;;0;0
2428;诧;chà;w_hsk1_2428;;0;0
2429;嚼;jué;w_hsk1_2429;;0;0
2430;旷;kuàng;w_hsk1_2430;;0;0
2431;芽;yá;w_hsk1_2431;;0;0
2432;碳;tàn;w_hsk1_2432;;0;0
2433;惕;tì;w_hsk1_2433;;0;0
2434;汹;xiōng;w_hsk1_2434;;0;0
2435;腥;xīng;w_hsk1_2435;;0;0
2436;澄;chéng;w_hsk1_2436;;0;0
2437;萎;wēi;w_hsk1_2437;;0;0
2438;滔;tāo;w_hsk1_2438;;0;0
2439;酿;niàng;w_hsk1_2439;;0;0
2440;诫;jiè;w_hsk1_2440;;0;0
2441;棕;zōng;w_hsk1_2441;;0;0
2442;喧;xuān;w_hsk1_2442;;0;0
2443;伺;cì;w_hsk1_2443;;0;0
2444;梢;shāo;w_hsk1_2444;;0;0
2445;坝;bà;w_hsk1_2445;;0;0
2446;敷;fū;w_hsk1_2446;;0;0
2447;庇;bì;w_hsk1_2447;;0;0
2448;挠;náo;w_hsk1_2448;;0;0
2449;搂;lǒu;w_hsk1_2449;;0;0
2450;噪;zào;w_hsk1_2450;;0;0
2451;稼;jià;w_hsk1_2451;;0;0
2452;寝;qǐn;w_hsk1_2452;;0;0
2453;哺;bǔ;w_hsk1_2453;;0;0
2454;帜;zhì;w_hsk1_2454;;0;0
2455;揉;róu;w_hsk1_2455;;0;0
2456;腻;nì;w_hsk1_2456;;0;0
2457;瘫;tān;w_hsk1_2457;;0;0
2458;觅;mì;w_hsk1_2458;;0;0
2459;僻;pì;w_hsk1_2459;;0;0
2460;蔓;màn;w_hsk1_2460;;0;0
2461;咋;zǎ;w_hsk1_2461;;0;0
2462;嵌;qiàn;w_hsk1_2462;;0;0
2463;畔;pàn;w_hsk1_2463;;0;0
2464;涩;sè;w_hsk1_2464;;0;0
2465;蹦;bèng;w_hsk1_2465;;0;0
2466;叨;dāo;w_hsk1_2466;;0;0
2467;呕;ǒu;w_hsk1_2467;;0;0
2468;凸;tū;w_hsk1_2468;;0;0
2469;熄;xī;w_hsk1_2469;;0;0
2470;裳;shang;w_hsk1_2470;;0;0
2471;凹;āo;w_hsk1_2471;;0;0
2472;膛;táng;w_hsk1_2472;;0;0
2473;聋;lóng;w_hsk1_2473;;0;0
2474;沮;jǔ;w_hsk1_2474;;0;0
2475;萌;méng;w_hsk1_2475;;0;0
2476;撇;piē;w_hsk1_2476;;0;0
2477;苟;gǒu;w_hsk1_2477;;0;0
2478;蚂;mǎ;w_hsk1_2478;;0;0
2479;俭;jiǎn;w_hsk1_2479;;0;0
2480;帖;tiē;w_hsk1_2480;;0;0
2481;煎;jiān;w_hsk1_2481;;0;0
2482;墅;shù;w_hsk1_2482;;0;0
2483;伶;líng;w_hsk1_2483;;0;0
2484;歹;dǎi;w_hsk1_2484;;0;0
2485;廓;kuò;w_hsk1_2485;;0;0
2486;讳;huì;w_hsk1_2486;;0;0
2487;瓣;bàn;w_hsk1_2487;;0;0
2488;枉;wǎng;w_hsk1_2488;;0;0
2489;琢;zuó;w_hsk1_2489;;0;0
2490;讥;jī;w_hsk1_2490;;0;0
2491;呻;shēn;w_hsk1_2491;;0;0
2492;慷;kāng;w_hsk1_2492;;0;0
2493;锤;chuí;w_hsk1_2493;;0;0
2494;桨;jiǎng;w_hsk1_2494;;0;0
2495;磅;bàng;w_hsk1_2495;;0;0
2496;馈;kuì;w_hsk1_2496;;0;0
2497;溅;jiàn;w_hsk1_2497;;0;0
2498;钙;gài;w_hsk1_2498;;0;0
2499;彰;zhāng;w_hsk1_2499;;0;0
2500;眯;mī;w_hsk1_2500;;0;0
2501;墟;xū;w_hsk1_2501;;0;0
2502;瞻;zhān;w_hsk1_2502;;0;0
2503;悼;dào;w_hsk1_2503;;0;0
2504;拣;jiǎn;w_hsk1_2504;;0;0
2505;渺;miǎo;w_hsk1_2505;;0;0
2506;汰;tài;w_hsk1_2506;;0;0
2507;镶;xiāng;w_hsk1_2507;;0;0
2508;趴;pā;w_hsk1_2508;;0;0
2509;酌;zhuó;w_hsk1_2509;;0;0
2510;浊;zhuó;w_hsk1_2510;;0;0
2511;撼;hàn;w_hsk1_2511;;0;0
2512;扛;káng;w_hsk1_2512;;0;0
2513;峭;qiào;w_hsk1_2513;;0;0
2514;磕;kē;w_hsk1_2514;;0;0
2515;翘;qiào;w_hsk1_2515;;0;0
2516;熏;xūn;w_hsk1_2516;;0;0
2517;缀;zhuì;w_hsk1_2517;;0;0
2518;徊;huái;w_hsk1_2518;;0;0
2519;肪;fáng;w_hsk1_2519;;0;0
2520;涕;tì;w_hsk1_2520;;0;0
2521;惫;bèi;w_hsk1_2521;;0;0
2522;挚;zhì;w_hsk1_2522;;0;0
2523;绎;yì;w_hsk1_2523;;0;0
2524;睦;mù;w_hsk1_2524;;0;0
2525;窍;qiào;w_hsk1_2525;;0;0
2526;粥;zhōu;w_hsk1_2526;;0;0
2527;沧;cāng;w_hsk1_2527;;0;0
2528;怠;dài;w_hsk1_2528;;0;0
2529;咙;lóng;w_hsk1_2529;;0;0
2530;沛;pèi;w_hsk1_2530;;0;0
2531;崭;zhǎn;w_hsk1_2531;;0;0
2532;鞠;jū;w_hsk1_2532;;0;0
2533;唾;tuò;w_hsk1_2533;;0;0
2534;洽;qià;w_hsk1_2534;;0;0
2535;柬;jiǎn;w_hsk1_2535;;0;0
2536;擎;qíng;w_hsk1_2536;;0;0
2537;疤;bā;w_hsk1_2537;;0;0
2538;钝;dùn;w_hsk1_2538;;0;0
2539;氓;máng;w_hsk1_2539;;0;0
2540;杠;gāng;w_hsk1_2540;;0;0
2541;诬;wū;w_hsk1_2541;;0;0
2542;抒;shū;w_hsk1_2542;;0;0
2543;侈;chǐ;w_hsk1_2543;;0;0
2544;徘;pái;w_hsk1_2544;;0;0
2545;嗦;suo;w_hsk1_2545;;0;0
2546;狈;bèi;w_hsk1_2546;;0;0
2547;搓;cuō;w_hsk1_2547;;0;0
2548;赁;lìn;w_hsk1_2548;;0;0
2549;婪;lán;w_hsk1_2549;;0;0
2550;紊;wěn;w_hsk1_2550;;0;0
2551;兢;jīng;w_hsk1_2551;;0;0
2552;扒;bā;w_hsk1_2552;;0;0
2553;痪;huàn;w_hsk1_2553;;0;0
2554;宵;xiāo;w_hsk1_2554;;0;0
2555;岔;chà;w_hsk1_2555;;0;0
2556;韧;rèn;w_hsk1_2556;;0;0
2557;憋;biē;w_hsk1_2557;;0;0
2558;衅;xìn;w_hsk1_2558;;0;0
2559;隘;ài;w_hsk1_2559;;0;0
2560;濒;bīn;w_hsk1_2560;;0;0
2561;剔;tī;w_hsk1_2561;;0;0
2562;淀;diàn;w_hsk1_2562;;0;0
2563;缉;jī;w_hsk1_2563;;0;0
2564;斟;zhēn;w_hsk1_2564;;0;0
2565;拧;níng;w_hsk1_2565;;0;0
2566;蔚;wèi;w_hsk1_2566;;0;0
2567;眶;kuàng;w_hsk1_2567;;0;0
2568;瀑;pù;w_hsk1_2568;;0;0
2569;渣;zhā;w_hsk1_2569;;0;0
2570;辙;zhé;w_hsk1_2570;;0;0
2571;潇;xiāo;w_hsk1_2571;;0;0
2572;阱;jǐng;w_hsk1_2572;;0;0
2573;哆;duō;w_hsk1_2573;;0;0
2574;辫;biàn;w_hsk1_2574;;0;0
2575;拽;zhuāi;w_hsk1_2575;;0;0
2576;滤;lǜ;w_hsk1_2576;;0;0
2577;睬;cǎi;w_hsk1_2577;;0;0
2578;谤;bàng;w_hsk1_2578;;0;0
2579;捍;hàn;w_hsk1_2579;;0;0
2580;瘾;yǐn;w_hsk1_2580;;0;0
2581;磋;cuō;w_hsk1_2581;;0;0
2582;淆;xiáo;w_hsk1_2582;;0;0
2583;烘;hōng;w_hsk1_2583;;0;0
2584;赂;lù;w_hsk1_2584;;0;0
2585;炫;xuàn;w_hsk1_2585;;0;0
2586;迸;bèng;w_hsk1_2586;;0;0
2587;嗨;hāi;w_hsk1_2587;;0;0
2588;惰;duò;w_hsk1_2588;;0;0
2589;椭;tuǒ;w_hsk1_2589;;0;0
2590;侃;kǎn;w_hsk1_2590;;0;0
2591;瞩;zhǔ;w_hsk1_2591;;0;0
2592;蕾;lěi;w_hsk1_2592;;0;0
2593;炊;chuī;w_hsk1_2593;;0;0
2594;隧;suì;w_hsk1_2594;;0;0
2595;啃;kěn;w_hsk1_2595;;0;0
2596;舔;tiǎn;w_hsk1_2596;;0;0
2597;蹬;dēng;w_hsk1_2597;;0;0
2598;袱;fú;w_hsk1_2598;;0;0
2599;殴;ōu;w_hsk1_2599;;0;0
2600;侥;jiǎo;w_hsk1_2600;;0;0
2601;酝;yùn;w_hsk1_2601;;0;0
2602;澈;chè;w_hsk1_2602;;0;0
2603;锈;xiù;w_hsk1_2603;;0;0
2604;稠;chóu;w_hsk1_2604;;0;0
2605;搀;chān;w_hsk1_2605;;0;0
2606;筛;shāi;w_hsk1_2606;;0;0
2607;痹;bì;w_hsk1_2607;;0;0
2608;甭;béng;w_hsk1_2608;;0;0
2609;唠;láo;w_hsk1_2609;;0;0
2610;徙;xǐ;w_hsk1_2610;;0;0
2611;筐;kuāng;w_hsk1_2611;;0;0
2612;曝;pù;w_hsk1_2612;;0;0
2613;嘈;cáo;w_hsk1_2613;;0;0
2614;蔼;ǎi;w_hsk1_2614;;0;0
2615;烹;pēng;w_hsk1_2615;;0;0
2616;沐;mù;w_hsk1_2616;;0;0
2617;掐;qiā;w_hsk1_2617;;0;0
2618;咀;jǔ;w_hsk1_2618;;0;0
2619;吝;lìn;w_hsk1_2619;;0;0
2620;肴;yáo;w_hsk1_2620;;0;0
2621;溉;gài;w_hsk1_2621;;0;0
2622;疙;gē;w_hsk1_2622;;0;0
2623;揍;zòu;w_hsk1_2623;;0;0
2624;倔;jué;w_hsk1_2624;;0;0
2625;诽;fěi;w_hsk1_2625;;0;0
2626;攒;zǎn;w_hsk1_2626;;0;0
2627;瘩;da;w_hsk1_2627;;0;0
2628;殃;yāng;w_hsk1_2628;;0;0
2629;俐;lì;w_hsk1_2629;;0;0
2630;拌;bàn;w_hsk1_2630;;0;0
2631;橙;chéng;w_hsk1_2631;;0;0
2632;簸;bǒ;w_hsk1_2632;;0;0
2633;惋;wǎn;w_hsk1_2633;;0;0
2634;惮;dàn;w_hsk1_2634;;0;0
2635;捎;shāo;w_hsk1_2635;;0;0
2636;唆;suō;w_hsk1_2636;;0;0
2637;榨;zhà;w_hsk1_2637;;0;0
2638;蹋;tà;w_hsk1_2638;;0;0
2639;叼;diāo;w_hsk1_2639;;0;0
2640;秤;chèng;w_hsk1_2640;;0;0
2641;惦;diàn;w_hsk1_2641;;0;0
2642;藐;miǎo;w_hsk1_2642;;0;0
2643;馅;xiàn;w_hsk1_2643;;0;0
2644;暧;ài;w_hsk1_2644;;0;0
2645;辕;yuán;w_hsk1_2645;;0;0
2646;馋;chán;w_hsk1_2646;;0;0
2647;啬;sè;w_hsk1_2647;;0;0
2648;踊;yǒng;w_hsk1_2648;;0;0
2649;暄;xuān;w_hsk1_2649;;0;0
2650;晾;liàng;w_hsk1_2650;;0;0
2651;瘸;qué;w_hsk1_2651;;0;0
2652;挎;kuà;w_hsk1_2652;;0;0
2653;阂;hé;w_hsk1_2653;;0;0
2654;雹;báo;w_hsk1_2654;;0;0
2655;酗;xù;w_hsk1_2655;;0;0
2656;拄;zhǔ;w_hsk1_2656;;0;0
2657;掰;bāi;w_hsk1_2657;;0;0
2658;荤;hūn;w_hsk1_2658;;0;0
2659;饪;rèn;w_hsk1_2659;;0;0
2660;熨;yùn;w_hsk1_2660;;0;0
2661;涮;shuàn;w_hsk1_2661;;0;0
2662;锲;qiè;w_hsk1_2662;;0;0
2663;啰;luō;w_hsk1_2663;;0;0
